energy,unc_en,intensity,unc_i,start_level_hl,start_level_energy,end_level_hl,end_level_energy,multipolarity,mixing_ratio,unc_mr,conversion_coeff,unc_cc,p_z,p_n,p_symbol,p_energy_shift,p_energy,unc_pe,jp,half_life,operator_hl,unc_hl,unit_hl,half_life_sec,unc_hls,decay,decay_%,unc_d,q,unc_q,d_z,d_n,d_symbol,ensdf_publication_cut-off,ensdf_authors,Extraction_date
80.185,0.002,2.61615,0.036336792648774055,0.000000000454,80.1853,,0.0,M1+E2,0.1,LT,1.544,,53,78,I,,0,,7/2+,8.0252,,6,d,693377.28,51.84,B-,100,,970.8,6,54,77,Xe,17-Jul-2006,YU. KHAZOV and  I. MITROPOLSKY and  A. RODIONOV,2026-07-09
85.9,0.2,0.00008965,0.000048903092949219484,,722.909,,636.991,[M1 E2],,,2.2,,53,78,I,,0,,7/2+,8.0252,,6,d,693377.28,51.84,B-,100,,970.8,6,54,77,Xe,17-Jul-2006,YU. KHAZOV and  I. MITROPOLSKY and  A. RODIONOV,2026-07-09
163.93,0.008,0.0211085,0.00042758215584844046,1024704,163.930,,0.0,M4,,,50.5,,53,78,I,,0,,7/2+,8.0252,,6,d,693377.28,51.84,B-,100,,970.8,6,54,77,Xe,17-Jul-2006,YU. KHAZOV and  I. MITROPOLSKY and  A. RODIONOV,2026-07-09
177.214,0.002,0.26895,0.0036537788657771833,0.0000000016,341.144,1024704,163.930,M1+E2,-4.3,4,0.240,,53,78,I,,0,,7/2+,8.0252,,6,d,693377.28,51.84,B-,100,,970.8,6,54,77,Xe,17-Jul-2006,YU. KHAZOV and  I. MITROPOLSKY and  A. RODIONOV,2026-07-09
232.18,0.15,0.0031785,0.00040796629762763494,,636.991,0.000000000075,404.816,[E2],,,0.0971,,53,78,I,,0,,7/2+,8.0252,,6,d,693377.28,51.84,B-,100,,970.8,6,54,77,Xe,17-Jul-2006,YU. KHAZOV and  I. MITROPOLSKY and  A. RODIONOV,2026-07-09
272.498,0.017,0.0576205,0.0011169165143375757,,636.991,0.0000000000675,364.490,M1+E2,-0.38,17,0.0530,,53,78,I,,0,,7/2+,8.0252,,6,d,693377.28,51.84,B-,100,,970.8,6,54,77,Xe,17-Jul-2006,YU. KHAZOV and  I. MITROPOLSKY and  A. RODIONOV,2026-07-09
284.305,0.005,6.12065,0.06165397391896162,0.0000000000675,364.490,0.000000000454,80.1853,E2,,,0.0497,,53,78,I,,0,,7/2+,8.0252,,6,d,693377.28,51.84,B-,100,,970.8,6,54,77,Xe,17-Jul-2006,YU. KHAZOV and  I. MITROPOLSKY and  A. RODIONOV,2026-07-09
295.8,0.2,0.001793,0.0008150742297484322,,636.991,0.0000000016,341.144,[E1],,,0.01079,,53,78,I,,0,,7/2+,8.0252,,6,d,693377.28,51.84,B-,100,,970.8,6,54,77,Xe,17-Jul-2006,YU. KHAZOV and  I. MITROPOLSKY and  A. RODIONOV,2026-07-09
302.4,0.2,0.004727,0.0005712365972169501,0.0000000005,666.934,0.0000000000675,364.490,[E1],,,0.01019,,53,78,I,,0,,7/2+,8.0252,,6,d,693377.28,51.84,B-,100,,970.8,6,54,77,Xe,17-Jul-2006,YU. KHAZOV and  I. MITROPOLSKY and  A. RODIONOV,2026-07-09
318.088,0.016,0.077425,0.0016978000471198015,,722.909,0.000000000075,404.816,M1+E2,-0.11,8,0.0350,,53,78,I,,0,,7/2+,8.0252,,6,d,693377.28,51.84,B-,100,,970.8,6,54,77,Xe,17-Jul-2006,YU. KHAZOV and  I. MITROPOLSKY and  A. RODIONOV,2026-07-09
324.651,0.025,0.02119,0.0024484535935973954,0.000000000075,404.816,0.000000000454,80.1853,M1+E2,-0.8,7,0.0329,,53,78,I,,0,,7/2+,8.0252,,6,d,693377.28,51.84,B-,100,,970.8,6,54,77,Xe,17-Jul-2006,YU. KHAZOV and  I. MITROPOLSKY and  A. RODIONOV,2026-07-09
325.789,0.004,0.273025,0.02125609853665531,0.0000000005,666.934,0.0000000016,341.144,M1+E2,-0.23,4,0.0329,,53,78,I,,0,,7/2+,8.0252,,6,d,693377.28,51.84,B-,100,,970.8,6,54,77,Xe,17-Jul-2006,YU. KHAZOV and  I. MITROPOLSKY and  A. RODIONOV,2026-07-09
358.4,0.2,0.0163,0.005705876356879809,,722.909,0.0000000000675,364.490,[M1 E2],,,0.0248,,53,78,I,,0,,7/2+,8.0252,,6,d,693377.28,51.84,B-,100,,970.8,6,54,77,Xe,17-Jul-2006,YU. KHAZOV and  I. MITROPOLSKY and  A. RODIONOV,2026-07-09
364.489,0.005,81.5,0.7585975547020963,0.0000000000675,364.490,,0.0,M1+E2,-4.53,12,0.0228,,53,78,I,,0,,7/2+,8.0252,,6,d,693377.28,51.84,B-,100,,970.8,6,54,77,Xe,17-Jul-2006,YU. KHAZOV and  I. MITROPOLSKY and  A. RODIONOV,2026-07-09
404.814,0.004,0.054605,0.0016640688086734874,0.000000000075,404.816,,0.0,M1+E2,1.0,9,0.0177,,53,78,I,,0,,7/2+,8.0252,,6,d,693377.28,51.84,B-,100,,970.8,6,54,77,Xe,17-Jul-2006,YU. KHAZOV and  I. MITROPOLSKY and  A. RODIONOV,2026-07-09
449.6,0.2,0.007335,0.0024454140753663784,,,,,,,,,,53,78,I,,0,,7/2+,8.0252,,6,d,693377.28,51.84,B-,100,,970.8,6,54,77,Xe,17-Jul-2006,YU. KHAZOV and  I. MITROPOLSKY and  A. RODIONOV,2026-07-09
503.004,0.004,0.359415,0.0039356860901245665,0.0000000005,666.934,1024704,163.930,E2,,,0.00883,,53,78,I,,0,,7/2+,8.0252,,6,d,693377.28,51.84,B-,100,,970.8,6,54,77,Xe,17-Jul-2006,YU. KHAZOV and  I. MITROPOLSKY and  A. RODIONOV,2026-07-09
636.989,0.004,7.1557,0.09982150319445204,,636.991,,0.0,E2,,,0.00470,,53,78,I,,0,,7/2+,8.0252,,6,d,693377.28,51.84,B-,100,,970.8,6,54,77,Xe,17-Jul-2006,YU. KHAZOV and  I. MITROPOLSKY and  A. RODIONOV,2026-07-09
642.719,0.005,0.21679,0.0042865516443873625,,722.909,0.000000000454,80.1853,[E2],,,0.00459,,53,78,I,,0,,7/2+,8.0252,,6,d,693377.28,51.84,B-,100,,970.8,6,54,77,Xe,17-Jul-2006,YU. KHAZOV and  I. MITROPOLSKY and  A. RODIONOV,2026-07-09
722.911,0.005,1.76855,0.026749299056236967,,722.909,,0.0,M1+E2,0.207,5,0.00459,,53,78,I,,0,,7/2+,8.0252,,6,d,693377.28,51.84,B-,100,,970.8,6,54,77,Xe,17-Jul-2006,YU. KHAZOV and  I. MITROPOLSKY and  A. RODIONOV,2026-07-09
4.54,,0.6040157907418778,0.04431587811313878,,,,,,,,,,53,78,I,,0,,7/2+,8.0252,,6,d,693377.28,51.84,B-,100,,970.8,6,54,77,Xe,17-Jul-2006,YU. KHAZOV and  I. MITROPOLSKY and  A. RODIONOV,2026-07-09
29.458,,1.446036761837186,0.09038665112772425,,,,,,,,,,53,78,I,,0,,7/2+,8.0252,,6,d,693377.28,51.84,B-,100,,970.8,6,54,77,Xe,17-Jul-2006,YU. KHAZOV and  I. MITROPOLSKY and  A. RODIONOV,2026-07-09
29.778,,2.6788380174827457,0.16698444403299537,,,,,,,,,,53,78,I,,0,,7/2+,8.0252,,6,d,693377.28,51.84,B-,100,,970.8,6,54,77,Xe,17-Jul-2006,YU. KHAZOV and  I. MITROPOLSKY and  A. RODIONOV,2026-07-09
33.726,,0.7765844345855567,0.0491505576795818,,,,,,,,,,53,78,I,,0,,7/2+,8.0252,,6,d,693377.28,51.84,B-,100,,970.8,6,54,77,Xe,17-Jul-2006,YU. KHAZOV and  I. MITROPOLSKY and  A. RODIONOV,2026-07-09
34.03,,0.9598583611477481,0.06062587124636211,,,,,,,,,,53,78,I,,0,,7/2+,8.0252,,6,d,693377.28,51.84,B-,100,,970.8,6,54,77,Xe,17-Jul-2006,YU. KHAZOV and  I. MITROPOLSKY and  A. RODIONOV,2026-07-09
34.414,,0.18327392656219138,0.012232179618843382,,,,,,,,,,53,78,I,,0,,7/2+,8.0252,,6,d,693377.28,51.84,B-,100,,970.8,6,54,77,Xe,17-Jul-2006,YU. KHAZOV and  I. MITROPOLSKY and  A. RODIONOV,2026-07-09

