p_z,p_n,p_symbol,p_energy,d_z,d_n,d_symbol,bin_en,dn_de,unc_dn_de,dn_de_nu,unc_dn_de_nu,extraction_date
53,78,I,0,54,77,Xe,0,0.00349502,0.0000218824,0,0,2026-07-09
53,78,I,0,54,77,Xe,0.8,0.00346767,0.0000218821,0.0000000325132,0.000000000179147,2026-07-09
53,78,I,0,54,77,Xe,1.6,0.003451,0.0000218818,0.000000129249,0.000000000710466,2026-07-09
53,78,I,0,54,77,Xe,2.4,0.00344501,0.0000218814,0.000000290109,0.00000000159395,2026-07-09
53,78,I,0,54,77,Xe,3.2,0.00344421,0.0000218809,0.000000514945,0.00000000282961,2026-07-09
53,78,I,0,54,77,Xe,4,0.00344289,0.0000218802,0.000000803621,0.00000000441742,2026-07-09
53,78,I,0,54,77,Xe,4.8,0.00344142,0.0000218794,0.00000115527,0.00000000635098,2026-07-09
53,78,I,0,54,77,Xe,5.6,0.00343982,0.0000218784,0.00000157009,0.00000000863303,2026-07-09
53,78,I,0,54,77,Xe,6.4,0.00343809,0.0000218772,0.00000204763,0.0000000112608,2026-07-09
53,78,I,0,54,77,Xe,7.2,0.00343626,0.0000218757,0.00000258745,0.0000000142316,2026-07-09
53,78,I,0,54,77,Xe,8,0.00343435,0.0000218741,0.00000318962,0.0000000175472,2026-07-09
53,78,I,0,54,77,Xe,8.8,0.00343239,0.0000218724,0.0000038533,0.0000000212013,2026-07-09
53,78,I,0,54,77,Xe,9.6,0.00343038,0.0000218705,0.00000457866,0.0000000251966,2026-07-09
53,78,I,0,54,77,Xe,10,0.00342936,0.0000218695,0.00000496443,0.0000000273221,2026-07-09
53,78,I,0,54,77,Xe,11,0.00342674,0.0000218667,0.0000059951,0.0000000330007,2026-07-09
53,78,I,0,54,77,Xe,12,0.00342406,0.0000218636,0.00000712095,0.0000000392066,2026-07-09
53,78,I,0,54,77,Xe,13,0.00342133,0.0000218603,0.00000834076,0.0000000459315,2026-07-09
53,78,I,0,54,77,Xe,14,0.00341855,0.0000218568,0.0000096546,0.0000000531782,2026-07-09
53,78,I,0,54,77,Xe,15,0.00341571,0.0000218529,0.0000110613,0.0000000609381,2026-07-09
53,78,I,0,54,77,Xe,16,0.00341281,0.0000218488,0.0000125608,0.0000000692141,2026-07-09
53,78,I,0,54,77,Xe,17,0.00340988,0.0000218446,0.000014152,0.0000000779978,2026-07-09
53,78,I,0,54,77,Xe,18,0.0034069,0.00002184,0.000015835,0.0000000872919,2026-07-09
53,78,I,0,54,77,Xe,19,0.00340387,0.0000218353,0.0000176085,0.0000000970882,2026-07-09
53,78,I,0,54,77,Xe,20,0.0034008,0.0000218303,0.0000194727,0.000000107389,2026-07-09
53,78,I,0,54,77,Xe,21,0.00339768,0.000021825,0.0000214262,0.000000118187,2026-07-09
53,78,I,0,54,77,Xe,22,0.00339453,0.0000218196,0.0000234693,0.000000129484,2026-07-09
53,78,I,0,54,77,Xe,23,0.00339134,0.000021814,0.0000256006,0.000000141271,2026-07-09
53,78,I,0,54,77,Xe,24,0.00338811,0.0000218082,0.0000278202,0.000000153553,2026-07-09
53,78,I,0,54,77,Xe,25,0.00338485,0.0000218021,0.0000301271,0.000000166319,2026-07-09
53,78,I,0,54,77,Xe,26,0.00338154,0.0000217959,0.0000325212,0.000000179575,2026-07-09
53,78,I,0,54,77,Xe,27,0.0033782,0.0000217894,0.0000350014,0.00000019331,2026-07-09
53,78,I,0,54,77,Xe,28,0.00337482,0.0000217828,0.0000375676,0.000000207527,2026-07-09
53,78,I,0,54,77,Xe,29,0.00337141,0.000021776,0.0000402189,0.000000222218,2026-07-09
53,78,I,0,54,77,Xe,30,0.00336798,0.000021769,0.0000429551,0.000000237387,2026-07-09
53,78,I,0,54,77,Xe,31,0.00336451,0.0000217618,0.0000457752,0.000000253025,2026-07-09
53,78,I,0,54,77,Xe,32,0.003361,0.0000217544,0.0000486793,0.000000269135,2026-07-09
53,78,I,0,54,77,Xe,33,0.00335746,0.0000217469,0.0000516659,0.000000285707,2026-07-09
53,78,I,0,54,77,Xe,34,0.00335389,0.0000217391,0.0000547354,0.000000302746,2026-07-09
53,78,I,0,54,77,Xe,35,0.00335029,0.0000217313,0.0000578866,0.000000320243,2026-07-09
53,78,I,0,54,77,Xe,36,0.00334667,0.0000217232,0.0000611195,0.0000003382,2026-07-09
53,78,I,0,54,77,Xe,37,0.00334301,0.000021715,0.0000644329,0.000000356611,2026-07-09
53,78,I,0,54,77,Xe,38,0.00333932,0.0000217065,0.0000678269,0.000000375476,2026-07-09
53,78,I,0,54,77,Xe,39,0.00333561,0.0000216979,0.0000713004,0.000000394788,2026-07-09
53,78,I,0,54,77,Xe,40,0.00333186,0.0000216891,0.0000748533,0.00000041455,2026-07-09
53,78,I,0,54,77,Xe,41,0.00332808,0.0000216801,0.0000784847,0.000000434754,2026-07-09
53,78,I,0,54,77,Xe,42,0.00332427,0.000021671,0.0000821945,0.000000455402,2026-07-09
53,78,I,0,54,77,Xe,43,0.00332044,0.0000216617,0.0000859816,0.000000476487,2026-07-09
53,78,I,0,54,77,Xe,44,0.00331657,0.0000216521,0.000089846,0.00000049801,2026-07-09
53,78,I,0,54,77,Xe,45,0.00331268,0.0000216425,0.0000937866,0.000000519964,2026-07-09
53,78,I,0,54,77,Xe,46,0.00330876,0.0000216326,0.0000978035,0.000000542353,2026-07-09
53,78,I,0,54,77,Xe,47,0.00330481,0.0000216226,0.000101896,0.000000565166,2026-07-09
53,78,I,0,54,77,Xe,48,0.00330083,0.0000216124,0.000106063,0.000000588409,2026-07-09
53,78,I,0,54,77,Xe,49,0.00329682,0.000021602,0.000110304,0.000000612071,2026-07-09
53,78,I,0,54,77,Xe,50,0.00329278,0.0000215914,0.00011462,0.000000636157,2026-07-09
53,78,I,0,54,77,Xe,51,0.00328872,0.0000215806,0.000119008,0.000000660657,2026-07-09
53,78,I,0,54,77,Xe,52,0.00328462,0.0000215697,0.00012347,0.000000685575,2026-07-09
53,78,I,0,54,77,Xe,53,0.0032805,0.0000215586,0.000128003,0.000000710903,2026-07-09
53,78,I,0,54,77,Xe,54,0.00327635,0.0000215473,0.000132609,0.000000736643,2026-07-09
53,78,I,0,54,77,Xe,55,0.00327217,0.0000215358,0.000137285,0.000000762788,2026-07-09
53,78,I,0,54,77,Xe,56,0.00326796,0.000021524,0.000142033,0.000000789339,2026-07-09
53,78,I,0,54,77,Xe,57,0.00326372,0.0000215122,0.00014685,0.000000816291,2026-07-09
53,78,I,0,54,77,Xe,58,0.00325946,0.0000215002,0.000151737,0.000000843644,2026-07-09
53,78,I,0,54,77,Xe,59,0.00325517,0.000021488,0.000156693,0.000000871391,2026-07-09
53,78,I,0,54,77,Xe,60,0.00325084,0.0000214755,0.000161718,0.000000899536,2026-07-09
53,78,I,0,54,77,Xe,61,0.00324649,0.0000214629,0.00016681,0.000000928068,2026-07-09
53,78,I,0,54,77,Xe,62,0.0032421,0.0000214501,0.000171971,0.000000956991,2026-07-09
53,78,I,0,54,77,Xe,63,0.00323769,0.0000214371,0.000177198,0.000000986298,2026-07-09
53,78,I,0,54,77,Xe,64,0.00323325,0.0000214239,0.000182492,0.00000101599,2026-07-09
53,78,I,0,54,77,Xe,65,0.00322878,0.0000214105,0.000187851,0.00000104606,2026-07-09
53,78,I,0,54,77,Xe,66,0.00322428,0.0000213969,0.000193277,0.00000107651,2026-07-09
53,78,I,0,54,77,Xe,67,0.00321975,0.0000213831,0.000198767,0.00000110734,2026-07-09
53,78,I,0,54,77,Xe,68,0.00321519,0.0000213692,0.000204322,0.00000113854,2026-07-09
53,78,I,0,54,77,Xe,69,0.00321061,0.000021355,0.00020994,0.00000117011,2026-07-09
53,78,I,0,54,77,Xe,70,0.00320599,0.0000213406,0.000215622,0.00000120206,2026-07-09
53,78,I,0,54,77,Xe,71,0.00320134,0.0000213261,0.000221367,0.00000123436,2026-07-09
53,78,I,0,54,77,Xe,72,0.00319666,0.0000213112,0.000227174,0.00000126703,2026-07-09
53,78,I,0,54,77,Xe,73,0.00319196,0.0000212963,0.000233043,0.00000130006,2026-07-09
53,78,I,0,54,77,Xe,74,0.00318723,0.0000212811,0.000238974,0.00000133345,2026-07-09
53,78,I,0,54,77,Xe,75,0.00318246,0.0000212658,0.000244966,0.00000136719,2026-07-09
53,78,I,0,54,77,Xe,76,0.00317767,0.0000212502,0.000251018,0.00000140129,2026-07-09
53,78,I,0,54,77,Xe,77,0.00317285,0.0000212344,0.00025713,0.00000143573,2026-07-09
53,78,I,0,54,77,Xe,78,0.003168,0.0000212185,0.000263301,0.00000147053,2026-07-09
53,78,I,0,54,77,Xe,79,0.00316312,0.0000212023,0.000269531,0.00000150567,2026-07-09
53,78,I,0,54,77,Xe,80,0.0031582,0.0000211859,0.00027582,0.00000154115,2026-07-09
53,78,I,0,54,77,Xe,81,0.00315326,0.0000211693,0.000282166,0.00000157697,2026-07-09
53,78,I,0,54,77,Xe,82,0.00314829,0.0000211525,0.000288569,0.00000161313,2026-07-09
53,78,I,0,54,77,Xe,83,0.00314329,0.0000211355,0.00029503,0.00000164962,2026-07-09
53,78,I,0,54,77,Xe,84,0.00313827,0.0000211183,0.000301548,0.00000168645,2026-07-09
53,78,I,0,54,77,Xe,85,0.00313321,0.0000211009,0.00030812,0.00000172361,2026-07-09
53,78,I,0,54,77,Xe,86,0.00312813,0.0000210833,0.000314748,0.00000176109,2026-07-09
53,78,I,0,54,77,Xe,87,0.00312301,0.0000210654,0.000321431,0.0000017989,2026-07-09
53,78,I,0,54,77,Xe,88,0.00311786,0.0000210474,0.000328169,0.00000183704,2026-07-09
53,78,I,0,54,77,Xe,89,0.00311269,0.0000210291,0.000334961,0.00000187549,2026-07-09
53,78,I,0,54,77,Xe,90,0.00310748,0.0000210106,0.000341806,0.00000191427,2026-07-09
53,78,I,0,54,77,Xe,91,0.00310225,0.000020992,0.000348704,0.00000195335,2026-07-09
53,78,I,0,54,77,Xe,92,0.00309698,0.0000209731,0.000355655,0.00000199276,2026-07-09
53,78,I,0,54,77,Xe,93,0.00309169,0.000020954,0.000362658,0.00000203247,2026-07-09
53,78,I,0,54,77,Xe,94,0.00308637,0.0000209347,0.000369712,0.00000207249,2026-07-09
53,78,I,0,54,77,Xe,95,0.00308102,0.0000209151,0.000376818,0.00000211282,2026-07-09
53,78,I,0,54,77,Xe,96,0.00307564,0.0000208954,0.000383974,0.00000215345,2026-07-09
53,78,I,0,54,77,Xe,97,0.00307024,0.0000208755,0.000391179,0.00000219437,2026-07-09
53,78,I,0,54,77,Xe,98,0.0030648,0.0000208553,0.000398435,0.0000022356,2026-07-09
53,78,I,0,54,77,Xe,99,0.00305933,0.000020835,0.00040574,0.00000227712,2026-07-09
53,78,I,0,54,77,Xe,100,0.00305384,0.0000208144,0.000413093,0.00000231895,2026-07-09
53,78,I,0,54,77,Xe,102,0.00304276,0.0000207725,0.000427944,0.00000240345,2026-07-09
53,78,I,0,54,77,Xe,104,0.00303158,0.0000207299,0.000442984,0.0000024891,2026-07-09
53,78,I,0,54,77,Xe,106,0.00302028,0.0000206864,0.000458209,0.00000257588,2026-07-09
53,78,I,0,54,77,Xe,108,0.00300887,0.000020642,0.000473616,0.00000266376,2026-07-09
53,78,I,0,54,77,Xe,110,0.00299734,0.0000205967,0.0004892,0.00000275273,2026-07-09
53,78,I,0,54,77,Xe,112,0.00298571,0.0000205506,0.000504959,0.00000284278,2026-07-09
53,78,I,0,54,77,Xe,114,0.00297396,0.0000205036,0.000520888,0.00000293386,2026-07-09
53,78,I,0,54,77,Xe,116,0.00296211,0.0000204558,0.000536984,0.00000302598,2026-07-09
53,78,I,0,54,77,Xe,118,0.00295015,0.0000204071,0.000553243,0.00000311912,2026-07-09
53,78,I,0,54,77,Xe,120,0.00293809,0.0000203575,0.000569662,0.00000321325,2026-07-09
53,78,I,0,54,77,Xe,122,0.00292591,0.0000203071,0.000586235,0.00000330835,2026-07-09
53,78,I,0,54,77,Xe,124,0.00291364,0.0000202558,0.000602963,0.00000340441,2026-07-09
53,78,I,0,54,77,Xe,126,0.00290126,0.0000202037,0.000619838,0.00000350141,2026-07-09
53,78,I,0,54,77,Xe,128,0.00288878,0.0000201507,0.00063686,0.00000359933,2026-07-09
53,78,I,0,54,77,Xe,130,0.0028762,0.0000200968,0.000654021,0.00000369815,2026-07-09
53,78,I,0,54,77,Xe,132,0.00286352,0.0000200421,0.000671323,0.00000379785,2026-07-09
53,78,I,0,54,77,Xe,134,0.00285074,0.0000199865,0.000688758,0.00000389842,2026-07-09
53,78,I,0,54,77,Xe,136,0.00283787,0.0000199302,0.000706327,0.00000399984,2026-07-09
53,78,I,0,54,77,Xe,138,0.00282491,0.0000198729,0.000724022,0.00000410209,2026-07-09
53,78,I,0,54,77,Xe,140,0.00281184,0.0000198148,0.000741842,0.00000420514,2026-07-09
53,78,I,0,54,77,Xe,142,0.00279868,0.0000197558,0.000759782,0.00000430899,2026-07-09
53,78,I,0,54,77,Xe,144,0.00278545,0.0000196961,0.00077784,0.00000441362,2026-07-09
53,78,I,0,54,77,Xe,146,0.00277211,0.0000196354,0.000796014,0.00000451901,2026-07-09
53,78,I,0,54,77,Xe,148,0.00275869,0.000019574,0.000814299,0.00000462513,2026-07-09
53,78,I,0,54,77,Xe,150,0.00274519,0.0000195117,0.000832691,0.00000473198,2026-07-09
53,78,I,0,54,77,Xe,152,0.0027316,0.0000194486,0.000851188,0.00000483954,2026-07-09
53,78,I,0,54,77,Xe,154,0.00271793,0.0000193847,0.000869785,0.00000494778,2026-07-09
53,78,I,0,54,77,Xe,156,0.00270418,0.0000193199,0.000888481,0.00000505669,2026-07-09
53,78,I,0,54,77,Xe,158,0.00269035,0.0000192544,0.000907273,0.00000516626,2026-07-09
53,78,I,0,54,77,Xe,160,0.00267645,0.0000191879,0.000926156,0.00000527647,2026-07-09
53,78,I,0,54,77,Xe,162,0.00266247,0.0000191208,0.000945127,0.0000053873,2026-07-09
53,78,I,0,54,77,Xe,164,0.00264841,0.0000190527,0.000964185,0.00000549873,2026-07-09
53,78,I,0,54,77,Xe,166,0.00263429,0.0000189839,0.000983323,0.00000561074,2026-07-09
53,78,I,0,54,77,Xe,168,0.0026201,0.0000189144,0.00100254,0.00000572333,2026-07-09
53,78,I,0,54,77,Xe,170,0.00260584,0.000018844,0.00102184,0.00000583646,2026-07-09
53,78,I,0,54,77,Xe,172,0.00259151,0.0000187728,0.00104121,0.00000595014,2026-07-09
53,78,I,0,54,77,Xe,174,0.00257712,0.0000187009,0.00106064,0.00000606433,2026-07-09
53,78,I,0,54,77,Xe,176,0.00256268,0.0000186281,0.00108015,0.00000617902,2026-07-09
53,78,I,0,54,77,Xe,178,0.00254817,0.0000185546,0.00109972,0.00000629421,2026-07-09
53,78,I,0,54,77,Xe,180,0.00253361,0.0000184804,0.00111935,0.00000640986,2026-07-09
53,78,I,0,54,77,Xe,182,0.00251899,0.0000184054,0.00113904,0.00000652596,2026-07-09
53,78,I,0,54,77,Xe,184,0.00250432,0.0000183297,0.00115879,0.00000664252,2026-07-09
53,78,I,0,54,77,Xe,186,0.0024896,0.0000182531,0.00117858,0.00000675948,2026-07-09
53,78,I,0,54,77,Xe,188,0.00247483,0.0000181759,0.00119843,0.00000687685,2026-07-09
53,78,I,0,54,77,Xe,190,0.00246002,0.0000180979,0.00121832,0.00000699461,2026-07-09
53,78,I,0,54,77,Xe,192,0.00244516,0.0000180192,0.00123826,0.00000711275,2026-07-09
53,78,I,0,54,77,Xe,194,0.00243026,0.0000179397,0.00125824,0.00000723124,2026-07-09
53,78,I,0,54,77,Xe,196,0.00241532,0.0000178595,0.00127826,0.00000735008,2026-07-09
53,78,I,0,54,77,Xe,198,0.00240035,0.0000177787,0.00129832,0.00000746924,2026-07-09
53,78,I,0,54,77,Xe,200,0.00238534,0.0000176971,0.0013184,0.00000758872,2026-07-09
53,78,I,0,54,77,Xe,202,0.0023703,0.0000176148,0.00133852,0.00000770848,2026-07-09
53,78,I,0,54,77,Xe,204,0.00235523,0.0000175319,0.00135867,0.00000782854,2026-07-09
53,78,I,0,54,77,Xe,206,0.00234013,0.0000174482,0.00137884,0.00000794886,2026-07-09
53,78,I,0,54,77,Xe,208,0.00232501,0.0000173639,0.00139903,0.00000806942,2026-07-09
53,78,I,0,54,77,Xe,210,0.00230987,0.0000172789,0.00141924,0.00000819022,2026-07-09
53,78,I,0,54,77,Xe,212,0.0022947,0.0000171933,0.00143947,0.00000831124,2026-07-09
53,78,I,0,54,77,Xe,214,0.00227952,0.000017107,0.00145971,0.00000843247,2026-07-09
53,78,I,0,54,77,Xe,216,0.00226433,0.0000170201,0.00147997,0.00000855388,2026-07-09
53,78,I,0,54,77,Xe,218,0.00224913,0.0000169325,0.00150023,0.00000867548,2026-07-09
53,78,I,0,54,77,Xe,220,0.00223391,0.0000168442,0.00152049,0.00000879719,2026-07-09
53,78,I,0,54,77,Xe,222,0.00221869,0.0000167554,0.00154077,0.00000891915,2026-07-09
53,78,I,0,54,77,Xe,224,0.00220346,0.0000166659,0.00156103,0.00000904118,2026-07-09
53,78,I,0,54,77,Xe,226,0.00218823,0.0000165758,0.00158129,0.00000916327,2026-07-09
53,78,I,0,54,77,Xe,228,0.002173,0.0000164852,0.00160155,0.00000928557,2026-07-09
53,78,I,0,54,77,Xe,230,0.00215778,0.0000163939,0.00162178,0.00000940786,2026-07-09
53,78,I,0,54,77,Xe,232,0.00214256,0.0000163021,0.00164201,0.00000953027,2026-07-09
53,78,I,0,54,77,Xe,234,0.00212736,0.0000162097,0.00166222,0.00000965274,2026-07-09
53,78,I,0,54,77,Xe,236,0.00211217,0.0000161167,0.0016824,0.00000977526,2026-07-09
53,78,I,0,54,77,Xe,238,0.00209698,0.0000160231,0.00170255,0.00000989783,2026-07-09
53,78,I,0,54,77,Xe,240,0.00208182,0.000015929,0.00172264,0.0000100204,2026-07-09
53,78,I,0,54,77,Xe,242,0.00206667,0.0000158344,0.00174267,0.000010143,2026-07-09
53,78,I,0,54,77,Xe,244,0.00205156,0.0000157392,0.00176253,0.0000102655,2026-07-09
53,78,I,0,54,77,Xe,246,0.00203647,0.0000156435,0.00178271,0.0000103882,2026-07-09
53,78,I,0,54,77,Xe,248,0.0020214,0.0000155473,0.0016001,0.0000105103,2026-07-09
53,78,I,0,54,77,Xe,250,0.00200635,0.0000154507,0.00161824,0.0000106327,2026-07-09
53,78,I,0,54,77,Xe,252,0.00199126,0.0000153534,0.00163636,0.0000107551,2026-07-09
53,78,I,0,54,77,Xe,254,0.00197616,0.0000152557,0.00165446,0.0000108774,2026-07-09
53,78,I,0,54,77,Xe,256,0.00196104,0.0000151576,0.00167252,0.0000109996,2026-07-09
53,78,I,0,54,77,Xe,258,0.00194591,0.000015059,0.00169057,0.0000111217,2026-07-09
53,78,I,0,54,77,Xe,260,0.00193077,0.0000149599,0.00170859,0.0000112437,2026-07-09
53,78,I,0,54,77,Xe,262,0.00191561,0.0000148603,0.00172659,0.0000113656,2026-07-09
53,78,I,0,54,77,Xe,264,0.00190045,0.0000147603,0.00174454,0.0000114873,2026-07-09
53,78,I,0,54,77,Xe,266,0.00188528,0.0000146599,0.00176248,0.0000116089,2026-07-09
53,78,I,0,54,77,Xe,268,0.00187011,0.0000145591,0.00178036,0.0000117302,2026-07-09
53,78,I,0,54,77,Xe,270,0.00185494,0.0000144579,0.00179822,0.0000118514,2026-07-09
53,78,I,0,54,77,Xe,272,0.00183977,0.0000143562,0.00181604,0.0000119725,2026-07-09
53,78,I,0,54,77,Xe,274,0.00182461,0.0000142542,0.00183382,0.0000120933,2026-07-09
53,78,I,0,54,77,Xe,276,0.00180945,0.0000141518,0.00185155,0.0000122138,2026-07-09
53,78,I,0,54,77,Xe,278,0.00179429,0.0000140491,0.00186924,0.0000123342,2026-07-09
53,78,I,0,54,77,Xe,280,0.00177915,0.0000139459,0.0018869,0.0000124543,2026-07-09
53,78,I,0,54,77,Xe,282,0.00176402,0.0000138424,0.00190449,0.0000125741,2026-07-09
53,78,I,0,54,77,Xe,284,0.00174891,0.0000137386,0.00192205,0.0000126938,2026-07-09
53,78,I,0,54,77,Xe,286,0.00173381,0.0000136345,0.00193955,0.0000128131,2026-07-09
53,78,I,0,54,77,Xe,288,0.00171873,0.00001353,0.001957,0.0000129321,2026-07-09
53,78,I,0,54,77,Xe,290,0.00170368,0.0000134252,0.00197439,0.0000130508,2026-07-09
53,78,I,0,54,77,Xe,292,0.00168865,0.0000133202,0.00199173,0.0000131692,2026-07-09
53,78,I,0,54,77,Xe,294,0.00167364,0.0000132148,0.002009,0.0000132873,2026-07-09
53,78,I,0,54,77,Xe,296,0.00165866,0.0000131092,0.00202621,0.000013405,2026-07-09
53,78,I,0,54,77,Xe,298,0.00164372,0.0000130033,0.00204334,0.0000135224,2026-07-09
53,78,I,0,54,77,Xe,300,0.00162882,0.0000128972,0.00206037,0.0000136394,2026-07-09
53,78,I,0,54,77,Xe,302,0.00161395,0.0000127908,0.0020774,0.0000137561,2026-07-09
53,78,I,0,54,77,Xe,304,0.00159912,0.0000126842,0.00204543,0.0000138723,2026-07-09
53,78,I,0,54,77,Xe,306,0.00158432,0.0000125773,0.00206201,0.0000139882,2026-07-09
53,78,I,0,54,77,Xe,308,0.00156957,0.0000124703,0.00207852,0.0000141037,2026-07-09
53,78,I,0,54,77,Xe,310,0.00155484,0.0000123631,0.00209495,0.0000142187,2026-07-09
53,78,I,0,54,77,Xe,312,0.00154016,0.0000122557,0.0021113,0.0000143333,2026-07-09
53,78,I,0,54,77,Xe,314,0.00152552,0.0000121481,0.00212758,0.0000144475,2026-07-09
53,78,I,0,54,77,Xe,316,0.00151091,0.0000120404,0.00214376,0.0000145612,2026-07-09
53,78,I,0,54,77,Xe,318,0.00149637,0.0000119325,0.00215986,0.0000146745,2026-07-09
53,78,I,0,54,77,Xe,320,0.00148186,0.0000118245,0.00217585,0.0000147873,2026-07-09
53,78,I,0,54,77,Xe,322,0.00146741,0.0000117163,0.00219174,0.0000148996,2026-07-09
53,78,I,0,54,77,Xe,324,0.00145301,0.0000116081,0.00220751,0.0000150114,2026-07-09
53,78,I,0,54,77,Xe,326,0.00143867,0.0000114997,0.00222312,0.0000151226,2026-07-09
53,78,I,0,54,77,Xe,328,0.00142439,0.0000113912,0.00223851,0.0000152334,2026-07-09
53,78,I,0,54,77,Xe,330,0.00141016,0.0000112827,0.00225347,0.0000153435,2026-07-09
53,78,I,0,54,77,Xe,332,0.00139601,0.0000111741,0.00226919,0.0000154606,2026-07-09
53,78,I,0,54,77,Xe,334,0.00138191,0.0000110654,0.00179633,0.0000155533,2026-07-09
53,78,I,0,54,77,Xe,336,0.00136784,0.0000109568,0.00180914,0.0000156619,2026-07-09
53,78,I,0,54,77,Xe,338,0.00135374,0.0000108481,0.00182188,0.0000157699,2026-07-09
53,78,I,0,54,77,Xe,340,0.00133963,0.0000107393,0.00183456,0.0000158774,2026-07-09
53,78,I,0,54,77,Xe,342,0.0013255,0.0000106306,0.00184718,0.0000159844,2026-07-09
53,78,I,0,54,77,Xe,344,0.00131136,0.0000105218,0.00185975,0.0000160907,2026-07-09
53,78,I,0,54,77,Xe,346,0.0012972,0.0000104131,0.00187224,0.0000161965,2026-07-09
53,78,I,0,54,77,Xe,348,0.00128304,0.0000103045,0.00188466,0.0000163015,2026-07-09
53,78,I,0,54,77,Xe,350,0.00126887,0.0000101959,0.00189702,0.0000164061,2026-07-09
53,78,I,0,54,77,Xe,352,0.00125469,0.0000100874,0.00190931,0.0000165099,2026-07-09
53,78,I,0,54,77,Xe,354,0.0012405,0.00000997883,0.00192154,0.0000166132,2026-07-09
53,78,I,0,54,77,Xe,356,0.0012263,0.00000987043,0.00193369,0.0000167158,2026-07-09
53,78,I,0,54,77,Xe,358,0.00121211,0.00000976215,0.00194577,0.0000168177,2026-07-09
53,78,I,0,54,77,Xe,360,0.00119791,0.000009654,0.00195778,0.000016919,2026-07-09
53,78,I,0,54,77,Xe,362,0.00118371,0.0000095459,0.00196972,0.0000170196,2026-07-09
53,78,I,0,54,77,Xe,364,0.00116951,0.00000943802,0.00198159,0.0000171196,2026-07-09
53,78,I,0,54,77,Xe,366,0.00115531,0.00000933026,0.00199338,0.0000172189,2026-07-09
53,78,I,0,54,77,Xe,368,0.00114112,0.00000922263,0.00200509,0.0000173174,2026-07-09
53,78,I,0,54,77,Xe,370,0.00112693,0.00000911522,0.00201673,0.0000174152,2026-07-09
53,78,I,0,54,77,Xe,372,0.00111276,0.00000900802,0.0020283,0.0000175124,2026-07-09
53,78,I,0,54,77,Xe,374,0.00109859,0.00000890103,0.00203978,0.0000176089,2026-07-09
53,78,I,0,54,77,Xe,376,0.00108443,0.00000879418,0.00205118,0.0000177045,2026-07-09
53,78,I,0,54,77,Xe,378,0.00107028,0.00000868762,0.0020625,0.0000177995,2026-07-09
53,78,I,0,54,77,Xe,380,0.00105614,0.00000858128,0.00207374,0.0000178937,2026-07-09
53,78,I,0,54,77,Xe,382,0.00104203,0.00000847523,0.0020849,0.0000179872,2026-07-09
53,78,I,0,54,77,Xe,384,0.00102793,0.00000836949,0.00209598,0.00001808,2026-07-09
53,78,I,0,54,77,Xe,386,0.00101384,0.00000826396,0.00210697,0.0000181719,2026-07-09
53,78,I,0,54,77,Xe,388,0.000999779,0.00000815875,0.00211787,0.0000182631,2026-07-09
53,78,I,0,54,77,Xe,390,0.000985737,0.00000805385,0.0021287,0.0000183535,2026-07-09
53,78,I,0,54,77,Xe,392,0.000971718,0.00000794928,0.00213943,0.0000184431,2026-07-09
53,78,I,0,54,77,Xe,394,0.000957725,0.00000784505,0.00215007,0.0000185319,2026-07-09
53,78,I,0,54,77,Xe,396,0.000943758,0.00000774118,0.00216064,0.00001862,2026-07-09
53,78,I,0,54,77,Xe,398,0.00092982,0.00000763767,0.00217111,0.0000187072,2026-07-09
53,78,I,0,54,77,Xe,400,0.000915912,0.00000753455,0.00218149,0.0000187937,2026-07-09
53,78,I,0,54,77,Xe,402,0.000902035,0.00000743181,0.00219178,0.0000188793,2026-07-09
53,78,I,0,54,77,Xe,404,0.000888193,0.00000732949,0.00220198,0.000018964,2026-07-09
53,78,I,0,54,77,Xe,406,0.000874386,0.00000722759,0.00221209,0.000019048,2026-07-09
53,78,I,0,54,77,Xe,408,0.000860614,0.00000712612,0.00222211,0.0000191312,2026-07-09
53,78,I,0,54,77,Xe,410,0.000846882,0.0000070251,0.00223202,0.0000192134,2026-07-09
53,78,I,0,54,77,Xe,412,0.000833191,0.00000692454,0.00224185,0.0000192948,2026-07-09
53,78,I,0,54,77,Xe,414,0.000819541,0.00000682445,0.00225158,0.0000193754,2026-07-09
53,78,I,0,54,77,Xe,416,0.000805936,0.00000672485,0.00226122,0.0000194551,2026-07-09
53,78,I,0,54,77,Xe,418,0.000792376,0.00000662576,0.00227076,0.000019534,2026-07-09
53,78,I,0,54,77,Xe,420,0.000778863,0.00000652717,0.00228021,0.000019612,2026-07-09
53,78,I,0,54,77,Xe,422,0.0007654,0.00000642912,0.00228955,0.0000196891,2026-07-09
53,78,I,0,54,77,Xe,424,0.000751988,0.00000633161,0.00229881,0.0000197654,2026-07-09
53,78,I,0,54,77,Xe,426,0.000738629,0.00000623465,0.00230795,0.0000198407,2026-07-09
53,78,I,0,54,77,Xe,428,0.000725324,0.00000613825,0.002317,0.0000199152,2026-07-09
53,78,I,0,54,77,Xe,430,0.000712076,0.00000604243,0.00232596,0.0000199888,2026-07-09
53,78,I,0,54,77,Xe,432,0.000698886,0.00000594721,0.0023348,0.0000200614,2026-07-09
53,78,I,0,54,77,Xe,434,0.000685755,0.00000585258,0.00234355,0.0000201332,2026-07-09
53,78,I,0,54,77,Xe,436,0.000672687,0.00000575857,0.0023522,0.0000202041,2026-07-09
53,78,I,0,54,77,Xe,438,0.000659683,0.00000566519,0.00236074,0.000020274,2026-07-09
53,78,I,0,54,77,Xe,440,0.000646745,0.00000557246,0.00236918,0.0000203431,2026-07-09
53,78,I,0,54,77,Xe,442,0.000633874,0.00000548037,0.00237753,0.0000204113,2026-07-09
53,78,I,0,54,77,Xe,444,0.000621071,0.00000538893,0.00238576,0.0000204785,2026-07-09
53,78,I,0,54,77,Xe,446,0.000608341,0.00000529818,0.00239389,0.0000205448,2026-07-09
53,78,I,0,54,77,Xe,448,0.000595684,0.00000520812,0.00240192,0.0000206102,2026-07-09
53,78,I,0,54,77,Xe,450,0.000583101,0.00000511874,0.00240984,0.0000206746,2026-07-09
53,78,I,0,54,77,Xe,452,0.000570596,0.00000503008,0.00241767,0.0000207382,2026-07-09
53,78,I,0,54,77,Xe,454,0.000558169,0.00000494212,0.00242538,0.0000208008,2026-07-09
53,78,I,0,54,77,Xe,456,0.000545824,0.0000048549,0.00243298,0.0000208624,2026-07-09
53,78,I,0,54,77,Xe,458,0.00053356,0.00000476841,0.00244048,0.0000209232,2026-07-09
53,78,I,0,54,77,Xe,460,0.000521383,0.00000468267,0.00244787,0.000020983,2026-07-09
53,78,I,0,54,77,Xe,462,0.00050929,0.00000459767,0.00245515,0.0000210418,2026-07-09
53,78,I,0,54,77,Xe,464,0.000497288,0.00000451344,0.00246233,0.0000210997,2026-07-09
53,78,I,0,54,77,Xe,466,0.000485375,0.00000442998,0.0024694,0.0000211567,2026-07-09
53,78,I,0,54,77,Xe,468,0.000473555,0.0000043473,0.00247636,0.0000212127,2026-07-09
53,78,I,0,54,77,Xe,470,0.00046183,0.0000042654,0.00248322,0.0000212678,2026-07-09
53,78,I,0,54,77,Xe,472,0.0004502,0.0000041843,0.00248997,0.000021322,2026-07-09
53,78,I,0,54,77,Xe,474,0.000438669,0.00000410398,0.00249661,0.0000213752,2026-07-09
53,78,I,0,54,77,Xe,476,0.00042724,0.00000402447,0.00250314,0.0000214275,2026-07-09
53,78,I,0,54,77,Xe,478,0.000415912,0.00000394577,0.00250956,0.0000214788,2026-07-09
53,78,I,0,54,77,Xe,480,0.000404688,0.00000386787,0.00251587,0.0000215292,2026-07-09
53,78,I,0,54,77,Xe,482,0.000393572,0.0000037908,0.00252206,0.0000215786,2026-07-09
53,78,I,0,54,77,Xe,484,0.000382564,0.00000371454,0.00252815,0.0000216271,2026-07-09
53,78,I,0,54,77,Xe,486,0.000371666,0.00000363909,0.00253414,0.0000216746,2026-07-09
53,78,I,0,54,77,Xe,488,0.000360882,0.00000356447,0.00254001,0.0000217212,2026-07-09
53,78,I,0,54,77,Xe,490,0.000350212,0.00000349066,0.00254578,0.0000217688,2026-07-09
53,78,I,0,54,77,Xe,492,0.000339659,0.00000341768,0.00255144,0.0000218208,2026-07-09
53,78,I,0,54,77,Xe,494,0.000329225,0.00000334551,0.00255698,0.0000218717,2026-07-09
53,78,I,0,54,77,Xe,496,0.000318912,0.00000327416,0.00256242,0.0000219218,2026-07-09
53,78,I,0,54,77,Xe,498,0.000308722,0.00000320362,0.00256775,0.0000219709,2026-07-09
53,78,I,0,54,77,Xe,500,0.000298657,0.00000313405,0.00257297,0.0000220192,2026-07-09
53,78,I,0,54,77,Xe,502,0.000288719,0.00000306528,0.00257808,0.0000220665,2026-07-09
53,78,I,0,54,77,Xe,504,0.000278911,0.00000299731,0.00258309,0.0000221128,2026-07-09
53,78,I,0,54,77,Xe,506,0.000269235,0.00000293015,0.00258798,0.0000221582,2026-07-09
53,78,I,0,54,77,Xe,508,0.000259693,0.00000286377,0.00259277,0.0000222026,2026-07-09
53,78,I,0,54,77,Xe,510,0.000250286,0.00000279818,0.00259745,0.0000222462,2026-07-09
53,78,I,0,54,77,Xe,512,0.000241017,0.00000273333,0.00260202,0.0000222887,2026-07-09
53,78,I,0,54,77,Xe,514,0.000231888,0.00000266926,0.00260649,0.0000223304,2026-07-09
53,78,I,0,54,77,Xe,516,0.000222902,0.00000260592,0.00261086,0.0000223712,2026-07-09
53,78,I,0,54,77,Xe,518,0.00021406,0.0000025433,0.0026151,0.0000224109,2026-07-09
53,78,I,0,54,77,Xe,520,0.000205365,0.00000248139,0.00261926,0.0000224498,2026-07-09
53,78,I,0,54,77,Xe,522,0.000196819,0.00000242017,0.0026233,0.0000224876,2026-07-09
53,78,I,0,54,77,Xe,524,0.000188424,0.00000235962,0.00262724,0.0000225247,2026-07-09
53,78,I,0,54,77,Xe,526,0.000180183,0.00000229972,0.00263108,0.0000225607,2026-07-09
53,78,I,0,54,77,Xe,528,0.000172097,0.00000224044,0.00263481,0.0000225958,2026-07-09
53,78,I,0,54,77,Xe,530,0.000164168,0.00000218177,0.00263844,0.00002263,2026-07-09
53,78,I,0,54,77,Xe,532,0.000156401,0.00000212369,0.00264197,0.0000226633,2026-07-09
53,78,I,0,54,77,Xe,534,0.000148794,0.00000206614,0.0026454,0.0000226957,2026-07-09
53,78,I,0,54,77,Xe,536,0.000141354,0.00000200912,0.00264873,0.0000227271,2026-07-09
53,78,I,0,54,77,Xe,538,0.000134079,0.00000195258,0.00265196,0.0000227576,2026-07-09
53,78,I,0,54,77,Xe,540,0.000126973,0.00000189651,0.00265509,0.0000227873,2026-07-09
53,78,I,0,54,77,Xe,542,0.000120039,0.00000184086,0.00265813,0.000022816,2026-07-09
53,78,I,0,54,77,Xe,544,0.000113278,0.0000017856,0.00266106,0.0000228439,2026-07-09
53,78,I,0,54,77,Xe,546,0.000106694,0.0000017307,0.00266391,0.0000228709,2026-07-09
53,78,I,0,54,77,Xe,548,0.000100288,0.00000167612,0.00266665,0.0000228969,2026-07-09
53,78,I,0,54,77,Xe,550,0.0000940616,0.00000162181,0.00266931,0.0000229222,2026-07-09
53,78,I,0,54,77,Xe,552,0.0000880187,0.00000156773,0.00267187,0.0000229465,2026-07-09
53,78,I,0,54,77,Xe,554,0.0000821609,0.00000151386,0.00267434,0.00002297,2026-07-09
53,78,I,0,54,77,Xe,556,0.0000764906,0.00000146013,0.00267671,0.0000229927,2026-07-09
53,78,I,0,54,77,Xe,558,0.0000710101,0.00000140651,0.00267901,0.0000230146,2026-07-09
53,78,I,0,54,77,Xe,560,0.0000657219,0.00000135296,0.0026812,0.0000230356,2026-07-09
53,78,I,0,54,77,Xe,562,0.0000606283,0.00000129942,0.00268332,0.0000230559,2026-07-09
53,78,I,0,54,77,Xe,564,0.0000557316,0.00000124584,0.00268533,0.0000230753,2026-07-09
53,78,I,0,54,77,Xe,566,0.0000510342,0.00000119218,0.00268727,0.000023094,2026-07-09
53,78,I,0,54,77,Xe,568,0.0000465385,0.00000113839,0.00268912,0.0000231121,2026-07-09
53,78,I,0,54,77,Xe,570,0.000042247,0.00000108442,0.00269088,0.0000231293,2026-07-09
53,78,I,0,54,77,Xe,572,0.0000381619,0.0000010302,0.00269255,0.0000231459,2026-07-09
53,78,I,0,54,77,Xe,574,0.0000342857,0.000000975705,0.00269413,0.0000231619,2026-07-09
53,78,I,0,54,77,Xe,576,0.0000306208,0.000000920867,0.00269563,0.0000231773,2026-07-09
53,78,I,0,54,77,Xe,578,0.0000271698,0.000000865635,0.00269702,0.000023192,2026-07-09
53,78,I,0,54,77,Xe,580,0.0000239348,0.000000809955,0.00269833,0.0000232063,2026-07-09
53,78,I,0,54,77,Xe,582,0.0000209185,0.000000753771,0.00269955,0.00002322,2026-07-09
53,78,I,0,54,77,Xe,584,0.0000181233,0.000000697031,0.00270066,0.0000232333,2026-07-09
53,78,I,0,54,77,Xe,586,0.0000155516,0.000000639675,0.00270168,0.0000232463,2026-07-09
53,78,I,0,54,77,Xe,588,0.000013206,0.000000581653,0.00270259,0.0000232588,2026-07-09
53,78,I,0,54,77,Xe,590,0.0000110888,0.000000522905,0.00270338,0.0000232709,2026-07-09
53,78,I,0,54,77,Xe,592,0.00000920254,0.00000046338,0.00270406,0.0000232827,2026-07-09
53,78,I,0,54,77,Xe,594,0.00000754973,0.000000403017,0.00270462,0.0000232941,2026-07-09
53,78,I,0,54,77,Xe,596,0.00000613287,0.000000341765,0.00270504,0.0000233048,2026-07-09
53,78,I,0,54,77,Xe,598,0.00000495446,0.000000279567,0.00270533,0.000023315,2026-07-09
53,78,I,0,54,77,Xe,600,0.00000401702,0.000000216368,0.00270549,0.0000233241,2026-07-09
53,78,I,0,54,77,Xe,602,0.00000332306,0.000000152114,0.0027055,0.0000233321,2026-07-09
53,78,I,0,54,77,Xe,604,0.00000287512,0.0000000867584,0.00270538,0.0000233389,2026-07-09
53,78,I,0,54,77,Xe,606,0.00000267574,0.0000000203296,0.00270511,0.0000233267,2026-07-09
53,78,I,0,54,77,Xe,608,0.00000263637,0.00000000236644,0.00000852531,0.00000000640115,2026-07-09
53,78,I,0,54,77,Xe,610,0.00000259988,0.00000000233472,0.00000853739,0.00000000641195,2026-07-09
53,78,I,0,54,77,Xe,612,0.00000256346,0.00000000230295,0.00000854935,0.00000000642272,2026-07-09
53,78,I,0,54,77,Xe,614,0.00000252709,0.00000000227113,0.00000856115,0.00000000643345,2026-07-09
53,78,I,0,54,77,Xe,616,0.0000024908,0.00000000223928,0.0000085728,0.00000000644414,2026-07-09
53,78,I,0,54,77,Xe,618,0.00000245458,0.00000000220738,0.00000858425,0.00000000645478,2026-07-09
53,78,I,0,54,77,Xe,620,0.00000241843,0.00000000217544,0.00000859549,0.00000000646538,2026-07-09
53,78,I,0,54,77,Xe,622,0.00000238238,0.00000000214348,0.00000860642,0.00000000647593,2026-07-09
53,78,I,0,54,77,Xe,624,0.00000234641,0.00000000211149,0.00000861679,0.00000000648644,2026-07-09
53,78,I,0,54,77,Xe,626,0.00000231055,0.00000000207948,0.00000862607,0.00000000649689,2026-07-09
53,78,I,0,54,77,Xe,628,0.00000227479,0.00000000204746,0.00000863877,0.00000000650735,2026-07-09
53,78,I,0,54,77,Xe,630,0.00000223914,0.00000000201541,0.00000723252,0.00000000650958,2026-07-09
53,78,I,0,54,77,Xe,632,0.00000220353,0.00000000198337,0.00000724405,0.00000000651996,2026-07-09
53,78,I,0,54,77,Xe,634,0.00000216791,0.00000000195132,0.00000725553,0.00000000653029,2026-07-09
53,78,I,0,54,77,Xe,636,0.0000021323,0.00000000191928,0.00000726696,0.00000000654058,2026-07-09
53,78,I,0,54,77,Xe,638,0.00000209669,0.00000000188723,0.00000727835,0.00000000655083,2026-07-09
53,78,I,0,54,77,Xe,640,0.0000020611,0.00000000185521,0.0000072897,0.00000000656104,2026-07-09
53,78,I,0,54,77,Xe,642,0.00000202552,0.00000000182319,0.000007301,0.00000000657121,2026-07-09
53,78,I,0,54,77,Xe,644,0.00000198997,0.00000000179121,0.00000731225,0.00000000658134,2026-07-09
53,78,I,0,54,77,Xe,646,0.00000195445,0.00000000175924,0.00000732346,0.00000000659143,2026-07-09
53,78,I,0,54,77,Xe,648,0.00000191897,0.00000000172732,0.00000733463,0.00000000660148,2026-07-09
53,78,I,0,54,77,Xe,650,0.00000188354,0.00000000169544,0.00000734575,0.00000000661149,2026-07-09
53,78,I,0,54,77,Xe,652,0.00000184815,0.0000000016636,0.00000735682,0.00000000662146,2026-07-09
53,78,I,0,54,77,Xe,654,0.00000181282,0.00000000163181,0.00000736785,0.00000000663138,2026-07-09
53,78,I,0,54,77,Xe,656,0.00000177755,0.00000000160007,0.00000737884,0.00000000664127,2026-07-09
53,78,I,0,54,77,Xe,658,0.00000174235,0.0000000015684,0.00000738978,0.00000000665112,2026-07-09
53,78,I,0,54,77,Xe,660,0.00000170723,0.0000000015368,0.00000740068,0.00000000666093,2026-07-09
53,78,I,0,54,77,Xe,662,0.00000167219,0.00000000150527,0.00000741153,0.0000000066707,2026-07-09
53,78,I,0,54,77,Xe,664,0.00000163725,0.00000000147383,0.00000742233,0.00000000668042,2026-07-09
53,78,I,0,54,77,Xe,666,0.0000016024,0.00000000144248,0.0000074331,0.00000000669011,2026-07-09
53,78,I,0,54,77,Xe,668,0.00000156766,0.00000000141122,0.00000744381,0.00000000669975,2026-07-09
53,78,I,0,54,77,Xe,670,0.00000153303,0.00000000138006,0.00000745449,0.00000000670936,2026-07-09
53,78,I,0,54,77,Xe,672,0.00000149852,0.00000000134901,0.00000746512,0.00000000671893,2026-07-09
53,78,I,0,54,77,Xe,674,0.00000146414,0.00000000131808,0.0000074757,0.00000000672845,2026-07-09
53,78,I,0,54,77,Xe,676,0.0000014299,0.00000000128727,0.00000748624,0.00000000673794,2026-07-09
53,78,I,0,54,77,Xe,678,0.0000013958,0.00000000125659,0.00000749674,0.00000000674739,2026-07-09
53,78,I,0,54,77,Xe,680,0.00000136185,0.00000000122605,0.00000750719,0.0000000067568,2026-07-09
53,78,I,0,54,77,Xe,682,0.00000132807,0.00000000119565,0.0000075176,0.00000000676617,2026-07-09
53,78,I,0,54,77,Xe,684,0.00000129445,0.00000000116541,0.00000752797,0.0000000067755,2026-07-09
53,78,I,0,54,77,Xe,686,0.00000126102,0.00000000113533,0.00000753829,0.00000000678479,2026-07-09
53,78,I,0,54,77,Xe,688,0.00000122777,0.00000000110541,0.00000754858,0.00000000679405,2026-07-09
53,78,I,0,54,77,Xe,690,0.00000119472,0.00000000107568,0.00000755882,0.00000000680327,2026-07-09
53,78,I,0,54,77,Xe,692,0.00000116187,0.00000000104613,0.00000756902,0.00000000681245,2026-07-09
53,78,I,0,54,77,Xe,694,0.00000112923,0.00000000101676,0.00000757917,0.00000000682158,2026-07-09
53,78,I,0,54,77,Xe,696,0.00000109682,0.000000000987604,0.00000758929,0.00000000683069,2026-07-09
53,78,I,0,54,77,Xe,698,0.00000106464,0.000000000958654,0.00000759936,0.00000000683976,2026-07-09
53,78,I,0,54,77,Xe,700,0.00000103271,0.000000000929929,0.0000076094,0.00000000684879,2026-07-09
53,78,I,0,54,77,Xe,702,0.00000100103,0.000000000901429,0.0000076194,0.00000000685779,2026-07-09
53,78,I,0,54,77,Xe,704,0.000000969608,0.000000000873161,0.00000762936,0.00000000686676,2026-07-09
53,78,I,0,54,77,Xe,706,0.000000938461,0.000000000845141,0.00000763928,0.00000000687569,2026-07-09
53,78,I,0,54,77,Xe,708,0.000000907596,0.000000000817376,0.00000764916,0.00000000688458,2026-07-09
53,78,I,0,54,77,Xe,710,0.000000877025,0.000000000789875,0.00000765901,0.00000000689345,2026-07-09
53,78,I,0,54,77,Xe,712,0.000000846758,0.000000000762648,0.00000766883,0.00000000690228,2026-07-09
53,78,I,0,54,77,Xe,714,0.000000816805,0.000000000735704,0.00000767861,0.00000000691109,2026-07-09
53,78,I,0,54,77,Xe,716,0.000000787178,0.000000000709054,0.00000768835,0.00000000691985,2026-07-09
53,78,I,0,54,77,Xe,718,0.000000757887,0.000000000682706,0.00000769807,0.0000000069286,2026-07-09
53,78,I,0,54,77,Xe,720,0.000000728943,0.000000000656671,0.00000770775,0.00000000693732,2026-07-09
53,78,I,0,54,77,Xe,722,0.000000700359,0.00000000063096,0.00000771741,0.00000000694601,2026-07-09
53,78,I,0,54,77,Xe,724,0.000000672145,0.000000000605583,0.00000772703,0.00000000695467,2026-07-09
53,78,I,0,54,77,Xe,726,0.000000644314,0.00000000058055,0.00000773663,0.00000000696331,2026-07-09
53,78,I,0,54,77,Xe,728,0.000000616876,0.000000000555871,0.0000077462,0.00000000697192,2026-07-09
53,78,I,0,54,77,Xe,730,0.000000589845,0.000000000531559,0.00000775575,0.00000000698052,2026-07-09
53,78,I,0,54,77,Xe,732,0.000000563232,0.000000000507624,0.00000776528,0.0000000069891,2026-07-09
53,78,I,0,54,77,Xe,734,0.000000537049,0.000000000484076,0.00000777478,0.00000000699765,2026-07-09
53,78,I,0,54,77,Xe,736,0.00000051131,0.000000000460927,0.00000778427,0.00000000700619,2026-07-09
53,78,I,0,54,77,Xe,738,0.000000486027,0.00000000043819,0.00000779373,0.00000000701471,2026-07-09
53,78,I,0,54,77,Xe,740,0.000000461212,0.000000000415874,0.00000780318,0.00000000702321,2026-07-09
53,78,I,0,54,77,Xe,742,0.00000043688,0.000000000393993,0.00000781262,0.00000000703171,2026-07-09
53,78,I,0,54,77,Xe,744,0.000000413042,0.000000000372556,0.00000782204,0.00000000704019,2026-07-09
53,78,I,0,54,77,Xe,746,0.000000389713,0.000000000351579,0.00000783144,0.00000000704865,2026-07-09
53,78,I,0,54,77,Xe,748,0.000000366906,0.000000000331071,0.00000784083,0.0000000070571,2026-07-09
53,78,I,0,54,77,Xe,750,0.000000344634,0.000000000311045,0.00000785021,0.00000000706555,2026-07-09
53,78,I,0,54,77,Xe,752,0.000000322913,0.000000000291516,0.00000785958,0.00000000707398,2026-07-09
53,78,I,0,54,77,Xe,754,0.000000301755,0.000000000272493,0.00000786893,0.0000000070824,2026-07-09
53,78,I,0,54,77,Xe,756,0.000000281175,0.000000000253991,0.00000787827,0.0000000070908,2026-07-09
53,78,I,0,54,77,Xe,758,0.000000261188,0.000000000236024,0.0000078876,0.0000000070992,2026-07-09
53,78,I,0,54,77,Xe,760,0.000000241808,0.000000000218602,0.0000078969,0.00000000710757,2026-07-09
53,78,I,0,54,77,Xe,762,0.00000022305,0.000000000201741,0.00000790619,0.00000000711593,2026-07-09
53,78,I,0,54,77,Xe,764,0.000000204929,0.000000000185454,0.00000791545,0.00000000712427,2026-07-09
53,78,I,0,54,77,Xe,766,0.000000187461,0.000000000169755,0.00000792468,0.00000000713258,2026-07-09
53,78,I,0,54,77,Xe,768,0.00000017066,0.000000000154656,0.00000793386,0.00000000714084,2026-07-09
53,78,I,0,54,77,Xe,770,0.000000154543,0.000000000140174,0.000007943,0.00000000714907,2026-07-09
53,78,I,0,54,77,Xe,772,0.000000139124,0.00000000012632,0.00000795207,0.00000000715723,2026-07-09
53,78,I,0,54,77,Xe,774,0.000000124421,0.00000000011311,0.00000796106,0.00000000716532,2026-07-09
53,78,I,0,54,77,Xe,776,0.000000110448,0.000000000100559,0.00000796994,0.00000000717331,2026-07-09
53,78,I,0,54,77,Xe,778,0.0000000972235,0.0000000000886808,0.0000079787,0.0000000071812,2026-07-09
53,78,I,0,54,77,Xe,780,0.0000000847624,0.0000000000774904,0.00000798729,0.00000000718893,2026-07-09
53,78,I,0,54,77,Xe,782,0.0000000730819,0.0000000000670029,0.00000799569,0.00000000719649,2026-07-09
53,78,I,0,54,77,Xe,784,0.0000000621989,0.0000000000572334,0.00000800383,0.00000000720381,2026-07-09
53,78,I,0,54,77,Xe,786,0.0000000521304,0.0000000000481971,0.00000801167,0.00000000721087,2026-07-09
53,78,I,0,54,77,Xe,788,0.0000000428936,0.0000000000399093,0.00000801914,0.00000000721759,2026-07-09
53,78,I,0,54,77,Xe,790,0.0000000345058,0.0000000000323853,0.00000802614,0.00000000722388,2026-07-09
53,78,I,0,54,77,Xe,792,0.0000000269848,0.0000000000256405,0.00000803255,0.00000000722964,2026-07-09
53,78,I,0,54,77,Xe,794,0.000000020348,0.0000000000196894,0.00000803819,0.00000000723471,2026-07-09
53,78,I,0,54,77,Xe,796,0.0000000146134,0.0000000000145461,0.00000804278,0.00000000723883,2026-07-09
53,78,I,0,54,77,Xe,798,0.00000000979899,0.0000000000102218,0.00000804573,0.00000000724146,2026-07-09
53,78,I,0,54,77,Xe,800,0.0000000059227,0.00000000000672129,0.0000080457,0.0000000072414,2026-07-09
53,78,I,0,54,77,Xe,802,0.00000000300259,0.00000000000403187,0.00000803924,0.00000000723551,2026-07-09
53,78,I,0,54,77,Xe,804,0.00000000105657,0.00000000000209093,0.00000801957,0.0000000072177,2026-07-09
53,78,I,0,54,77,Xe,806,0.000000000101998,0.000000000000710846,0.00000815466,0.00000000877296,2026-07-09
53,78,I,0,54,77,Xe,806.9,0,0,0.00000826595,0.00000000933117,2026-07-09

