nuclide	particle	bin_energy_keV	bin_energy_MeV	dn_dE_per_decay_per_keV	dn_dE_per_decay_per_MeV	unc_dn_dE_per_decay_per_keV	nu_dn_dE_per_decay_per_keV	nu_unc_dn_dE_per_decay_per_keV	parent_energy_keV	daughter	source
F-18	beta+	0	0	0	0	0	0	0	0	O	IAEA LiveChart bin_beta Betashape
F-18	beta+	2	0.002	3.20966e-05	0.0320966	0.0000000605862	1.97315e-07	0.000000000512338	0	O	IAEA LiveChart bin_beta Betashape
F-18	beta+	4	0.004	0.000111823	0.111823	0.000000210402	7.86072e-07	0.00000000203884	0	O	IAEA LiveChart bin_beta Betashape
F-18	beta+	6	0.006	0.000198696	0.198696	0.000000372649	1.7615e-06	0.00000000456379	0	O	IAEA LiveChart bin_beta Betashape
F-18	beta+	8	0.008	0.000283603	0.283603	0.000000530151	3.11885e-06	0.00000000807151	0	O	IAEA LiveChart bin_beta Betashape
F-18	beta+	10	0.01	0.000364639	0.364639	0.000000679385	4.85339e-06	0.0000000125464	0	O	IAEA LiveChart bin_beta Betashape
F-18	beta+	12	0.012	0.000441578	0.441578	0.000000819992	6.96039e-06	0.000000017973	0	O	IAEA LiveChart bin_beta Betashape
F-18	beta+	14	0.014	0.000514639	0.514639	0.000000952447	9.43515e-06	0.0000000243357	0	O	IAEA LiveChart bin_beta Betashape
F-18	beta+	16	0.016	0.000584149	0.584149	0.00000107741	1.2273e-05	0.0000000316191	0	O	IAEA LiveChart bin_beta Betashape
F-18	beta+	18	0.018	0.000650436	0.650436	0.00000119556	1.54692e-05	0.0000000398079	0	O	IAEA LiveChart bin_beta Betashape
F-18	beta+	20	0.02	0.0007138	0.7138	0.00000130747	1.90192e-05	0.0000000488869	0	O	IAEA LiveChart bin_beta Betashape
F-18	beta+	22	0.022	0.000774506	0.774506	0.0000014137	2.29183e-05	0.0000000588406	0	O	IAEA LiveChart bin_beta Betashape
F-18	beta+	24	0.024	0.000832786	0.832786	0.0000015147	2.71619e-05	0.0000000696541	0	O	IAEA LiveChart bin_beta Betashape
F-18	beta+	26	0.026	0.000888839	0.888839	0.00000161088	3.17453e-05	0.0000000813121	0	O	IAEA LiveChart bin_beta Betashape
F-18	beta+	28	0.028	0.00094284	0.94284	0.00000170258	3.66641e-05	0.0000000937997	0	O	IAEA LiveChart bin_beta Betashape
F-18	beta+	30	0.03	0.000994941	0.994941	0.00000179011	4.19135e-05	0.000000107102	0	O	IAEA LiveChart bin_beta Betashape
F-18	beta+	32	0.032	0.00104527	1.04527	0.00000187374	4.74892e-05	0.000000121203	0	O	IAEA LiveChart bin_beta Betashape
F-18	beta+	34	0.034	0.00109396	1.09396	0.00000195371	5.33864e-05	0.00000013609	0	O	IAEA LiveChart bin_beta Betashape
F-18	beta+	36	0.036	0.0011411	1.1411	0.00000203023	5.96008e-05	0.000000151746	0	O	IAEA LiveChart bin_beta Betashape
F-18	beta+	38	0.038	0.00118679	1.18679	0.00000210349	6.61277e-05	0.000000168157	0	O	IAEA LiveChart bin_beta Betashape
F-18	beta+	40	0.04	0.0012311	1.2311	0.00000217365	7.29627e-05	0.000000185309	0	O	IAEA LiveChart bin_beta Betashape
F-18	beta+	42	0.042	0.00127412	1.27412	0.00000224087	8.01014e-05	0.000000203187	0	O	IAEA LiveChart bin_beta Betashape
F-18	beta+	44	0.044	0.00131591	1.31591	0.00000230529	8.75392e-05	0.000000221776	0	O	IAEA LiveChart bin_beta Betashape
F-18	beta+	46	0.046	0.00135653	1.35653	0.00000236702	9.52717e-05	0.000000241062	0	O	IAEA LiveChart bin_beta Betashape
F-18	beta+	48	0.048	0.00139604	1.39604	0.00000242619	0.000103295	0.00000026103	0	O	IAEA LiveChart bin_beta Betashape
F-18	beta+	50	0.05	0.00143448	1.43448	0.00000248288	0.000111603	0.000000281666	0	O	IAEA LiveChart bin_beta Betashape
F-18	beta+	52	0.052	0.00147189	1.47189	0.00000253721	0.000120193	0.000000302955	0	O	IAEA LiveChart bin_beta Betashape
F-18	beta+	54	0.054	0.00150833	1.50833	0.00000258925	0.000129061	0.000000324884	0	O	IAEA LiveChart bin_beta Betashape
F-18	beta+	56	0.056	0.00154383	1.54383	0.00000263908	0.000138201	0.000000347438	0	O	IAEA LiveChart bin_beta Betashape
F-18	beta+	58	0.058	0.00157842	1.57842	0.00000268679	0.000147609	0.000000370603	0	O	IAEA LiveChart bin_beta Betashape
F-18	beta+	60	0.06	0.00161214	1.61214	0.00000273243	0.000157282	0.000000394365	0	O	IAEA LiveChart bin_beta Betashape
F-18	beta+	62	0.062	0.00164501	1.64501	0.00000277606	0.000167214	0.00000041871	0	O	IAEA LiveChart bin_beta Betashape
F-18	beta+	64	0.064	0.00167707	1.67707	0.00000281776	0.000177402	0.000000443623	0	O	IAEA LiveChart bin_beta Betashape
F-18	beta+	66	0.066	0.00170834	1.70834	0.00000285757	0.000187841	0.000000469092	0	O	IAEA LiveChart bin_beta Betashape
F-18	beta+	68	0.068	0.00173884	1.73884	0.00000289555	0.000198526	0.000000495101	0	O	IAEA LiveChart bin_beta Betashape
F-18	beta+	70	0.07	0.00176859	1.76859	0.00000293175	0.000209455	0.000000521638	0	O	IAEA LiveChart bin_beta Betashape
F-18	beta+	72	0.072	0.00179762	1.79762	0.0000029662	0.000220622	0.000000548688	0	O	IAEA LiveChart bin_beta Betashape
F-18	beta+	74	0.074	0.00182595	1.82595	0.00000299895	0.000232023	0.000000576238	0	O	IAEA LiveChart bin_beta Betashape
F-18	beta+	76	0.076	0.00185359	1.85359	0.00000303005	0.000243654	0.000000604275	0	O	IAEA LiveChart bin_beta Betashape
F-18	beta+	78	0.078	0.00188057	1.88057	0.00000305953	0.000255511	0.000000632784	0	O	IAEA LiveChart bin_beta Betashape
F-18	beta+	80	0.08	0.00190689	1.90689	0.00000308743	0.000267589	0.000000661752	0	O	IAEA LiveChart bin_beta Betashape
F-18	beta+	82	0.082	0.00193257	1.93257	0.00000311378	0.000279885	0.000000691167	0	O	IAEA LiveChart bin_beta Betashape
F-18	beta+	84	0.084	0.00195763	1.95763	0.00000313862	0.000292395	0.000000721013	0	O	IAEA LiveChart bin_beta Betashape
F-18	beta+	86	0.086	0.00198209	1.98209	0.00000316196	0.000305113	0.000000751279	0	O	IAEA LiveChart bin_beta Betashape
F-18	beta+	88	0.088	0.00200594	2.00594	0.00000318386	0.000318037	0.00000078195	0	O	IAEA LiveChart bin_beta Betashape
F-18	beta+	90	0.09	0.00202922	2.02922	0.00000320433	0.000331162	0.000000813014	0	O	IAEA LiveChart bin_beta Betashape
F-18	beta+	92	0.092	0.00205191	2.05191	0.00000322339	0.000344484	0.000000844458	0	O	IAEA LiveChart bin_beta Betashape
F-18	beta+	94	0.094	0.00207405	2.07405	0.00000324109	0.000357999	0.000000876267	0	O	IAEA LiveChart bin_beta Betashape
F-18	beta+	96	0.096	0.00209564	2.09564	0.00000325743	0.000371702	0.00000090843	0	O	IAEA LiveChart bin_beta Betashape
F-18	beta+	98	0.098	0.00211669	2.11669	0.00000327245	0.000385591	0.000000940934	0	O	IAEA LiveChart bin_beta Betashape
F-18	beta+	100	0.1	0.0021372	2.1372	0.00000328616	0.00039966	0.000000973765	0	O	IAEA LiveChart bin_beta Betashape
F-18	beta+	102	0.102	0.00215719	2.15719	0.00000329859	0.000413906	0.00000100691	0	O	IAEA LiveChart bin_beta Betashape
F-18	beta+	104	0.104	0.00217667	2.17667	0.00000330976	0.000428325	0.00000104036	0	O	IAEA LiveChart bin_beta Betashape
F-18	beta+	106	0.106	0.00219564	2.19564	0.00000331969	0.000442913	0.00000107409	0	O	IAEA LiveChart bin_beta Betashape
F-18	beta+	108	0.108	0.00221411	2.21411	0.0000033284	0.000457666	0.00000110811	0	O	IAEA LiveChart bin_beta Betashape
F-18	beta+	110	0.11	0.0022321	2.2321	0.00000333591	0.00047258	0.00000114238	0	O	IAEA LiveChart bin_beta Betashape
F-18	beta+	112	0.112	0.0022496	2.2496	0.00000334224	0.000487651	0.00000117691	0	O	IAEA LiveChart bin_beta Betashape
F-18	beta+	114	0.114	0.00226662	2.26662	0.0000033474	0.000502875	0.00000121168	0	O	IAEA LiveChart bin_beta Betashape
F-18	beta+	116	0.116	0.00228317	2.28317	0.00000335141	0.000518249	0.00000124667	0	O	IAEA LiveChart bin_beta Betashape
F-18	beta+	118	0.118	0.00229926	2.29926	0.00000335429	0.000533768	0.00000128187	0	O	IAEA LiveChart bin_beta Betashape
F-18	beta+	120	0.12	0.0023149	2.3149	0.00000335605	0.000549428	0.00000131728	0	O	IAEA LiveChart bin_beta Betashape
F-18	beta+	122	0.122	0.00233008	2.33008	0.00000335672	0.000565227	0.00000135288	0	O	IAEA LiveChart bin_beta Betashape
F-18	beta+	124	0.124	0.00234482	2.34482	0.0000033563	0.000581159	0.00000138865	0	O	IAEA LiveChart bin_beta Betashape
F-18	beta+	126	0.126	0.00235912	2.35912	0.00000335481	0.000597222	0.00000142459	0	O	IAEA LiveChart bin_beta Betashape
F-18	beta+	128	0.128	0.00237298	2.37298	0.00000335227	0.000613411	0.00000146068	0	O	IAEA LiveChart bin_beta Betashape
F-18	beta+	130	0.13	0.00238642	2.38642	0.00000334869	0.000629722	0.00000149691	0	O	IAEA LiveChart bin_beta Betashape
F-18	beta+	132	0.132	0.00239943	2.39943	0.00000334408	0.000646152	0.00000153327	0	O	IAEA LiveChart bin_beta Betashape
F-18	beta+	134	0.134	0.00241202	2.41202	0.00000333846	0.000662698	0.00000156974	0	O	IAEA LiveChart bin_beta Betashape
F-18	beta+	136	0.136	0.0024242	2.4242	0.00000333185	0.000679355	0.00000160633	0	O	IAEA LiveChart bin_beta Betashape
F-18	beta+	138	0.138	0.00243597	2.43597	0.00000332424	0.000696119	0.000001643	0	O	IAEA LiveChart bin_beta Betashape
F-18	beta+	140	0.14	0.00244733	2.44733	0.00000331567	0.000712987	0.00000167975	0	O	IAEA LiveChart bin_beta Betashape
F-18	beta+	142	0.142	0.00245829	2.45829	0.00000330613	0.000729956	0.00000171658	0	O	IAEA LiveChart bin_beta Betashape
F-18	beta+	144	0.144	0.00246886	2.46886	0.00000329565	0.000747021	0.00000175346	0	O	IAEA LiveChart bin_beta Betashape
F-18	beta+	146	0.146	0.00247903	2.47903	0.00000328423	0.000764179	0.00000179039	0	O	IAEA LiveChart bin_beta Betashape
F-18	beta+	148	0.148	0.00248882	2.48882	0.00000327189	0.000781427	0.00000182735	0	O	IAEA LiveChart bin_beta Betashape
F-18	beta+	150	0.15	0.00249822	2.49822	0.00000325864	0.00079876	0.00000186433	0	O	IAEA LiveChart bin_beta Betashape
F-18	beta+	152	0.152	0.00250723	2.50723	0.00000324449	0.000816176	0.00000190133	0	O	IAEA LiveChart bin_beta Betashape
F-18	beta+	154	0.154	0.00251587	2.51587	0.00000322946	0.00083367	0.00000193833	0	O	IAEA LiveChart bin_beta Betashape
F-18	beta+	156	0.156	0.00252414	2.52414	0.00000321354	0.000851239	0.00000197531	0	O	IAEA LiveChart bin_beta Betashape
F-18	beta+	158	0.158	0.00253204	2.53204	0.00000319676	0.000868879	0.00000201227	0	O	IAEA LiveChart bin_beta Betashape
F-18	beta+	160	0.16	0.00253957	2.53957	0.00000317913	0.000886587	0.0000020492	0	O	IAEA LiveChart bin_beta Betashape
F-18	beta+	162	0.162	0.00254674	2.54674	0.00000316066	0.000904359	0.00000208608	0	O	IAEA LiveChart bin_beta Betashape
F-18	beta+	164	0.164	0.00255354	2.55354	0.00000314135	0.000922193	0.00000212291	0	O	IAEA LiveChart bin_beta Betashape
F-18	beta+	166	0.166	0.00255999	2.55999	0.00000312122	0.000940083	0.00000215967	0	O	IAEA LiveChart bin_beta Betashape
F-18	beta+	168	0.168	0.00256609	2.56609	0.00000310029	0.000958028	0.00000219635	0	O	IAEA LiveChart bin_beta Betashape
F-18	beta+	170	0.17	0.00257184	2.57184	0.00000307855	0.000976023	0.00000223295	0	O	IAEA LiveChart bin_beta Betashape
F-18	beta+	172	0.172	0.00257724	2.57724	0.00000305602	0.000994065	0.00000226944	0	O	IAEA LiveChart bin_beta Betashape
F-18	beta+	174	0.174	0.00258229	2.58229	0.00000303272	0.00101215	0.00000230582	0	O	IAEA LiveChart bin_beta Betashape
F-18	beta+	176	0.176	0.002587	2.587	0.00000300865	0.00103028	0.00000234208	0	O	IAEA LiveChart bin_beta Betashape
F-18	beta+	178	0.178	0.00259138	2.59138	0.00000298382	0.00104844	0.0000023782	0	O	IAEA LiveChart bin_beta Betashape
F-18	beta+	180	0.18	0.00259542	2.59542	0.00000295824	0.00106663	0.00000241419	0	O	IAEA LiveChart bin_beta Betashape
F-18	beta+	182	0.182	0.00259913	2.59913	0.00000293193	0.00108486	0.00000245002	0	O	IAEA LiveChart bin_beta Betashape
F-18	beta+	184	0.184	0.0026025	2.6025	0.00000290489	0.00110311	0.00000248568	0	O	IAEA LiveChart bin_beta Betashape
F-18	beta+	186	0.186	0.00260556	2.60556	0.00000287713	0.00112138	0.00000252117	0	O	IAEA LiveChart bin_beta Betashape
F-18	beta+	188	0.188	0.00260828	2.60828	0.00000284866	0.00113968	0.00000255647	0	O	IAEA LiveChart bin_beta Betashape
F-18	beta+	190	0.19	0.00261069	2.61069	0.0000028195	0.00115799	0.00000259158	0	O	IAEA LiveChart bin_beta Betashape
F-18	beta+	192	0.192	0.00261277	2.61277	0.00000278965	0.00117632	0.00000262648	0	O	IAEA LiveChart bin_beta Betashape
F-18	beta+	194	0.194	0.00261454	2.61454	0.00000275912	0.00119465	0.00000266116	0	O	IAEA LiveChart bin_beta Betashape
F-18	beta+	196	0.196	0.002616	2.616	0.00000272793	0.00121299	0.00000269562	0	O	IAEA LiveChart bin_beta Betashape
F-18	beta+	198	0.198	0.00261714	2.61714	0.00000269608	0.00123134	0.00000272984	0	O	IAEA LiveChart bin_beta Betashape
F-18	beta+	200	0.2	0.00261798	2.61798	0.00000266358	0.00124968	0.00000276381	0	O	IAEA LiveChart bin_beta Betashape
F-18	beta+	202	0.202	0.00261851	2.61851	0.00000263044	0.00126802	0.00000279752	0	O	IAEA LiveChart bin_beta Betashape
F-18	beta+	204	0.204	0.00261874	2.61874	0.00000259667	0.00128636	0.00000283096	0	O	IAEA LiveChart bin_beta Betashape
F-18	beta+	206	0.206	0.00261867	2.61867	0.00000256229	0.00130469	0.00000286413	0	O	IAEA LiveChart bin_beta Betashape
F-18	beta+	208	0.208	0.0026183	2.6183	0.0000025273	0.001323	0.000002897	0	O	IAEA LiveChart bin_beta Betashape
F-18	beta+	210	0.21	0.00261763	2.61763	0.00000249171	0.0013413	0.00000292958	0	O	IAEA LiveChart bin_beta Betashape
F-18	beta+	212	0.212	0.00261667	2.61667	0.00000245553	0.00135958	0.00000296185	0	O	IAEA LiveChart bin_beta Betashape
F-18	beta+	214	0.214	0.00261542	2.61542	0.00000241877	0.00137783	0.0000029938	0	O	IAEA LiveChart bin_beta Betashape
F-18	beta+	216	0.216	0.00261387	2.61387	0.00000238144	0.00139607	0.00000302543	0	O	IAEA LiveChart bin_beta Betashape
F-18	beta+	218	0.218	0.00261205	2.61205	0.00000234356	0.00141427	0.00000305671	0	O	IAEA LiveChart bin_beta Betashape
F-18	beta+	220	0.22	0.00260994	2.60994	0.00000230512	0.00143244	0.00000308765	0	O	IAEA LiveChart bin_beta Betashape
F-18	beta+	222	0.222	0.00260755	2.60755	0.00000226614	0.00145058	0.00000311823	0	O	IAEA LiveChart bin_beta Betashape
F-18	beta+	224	0.224	0.00260487	2.60487	0.00000222664	0.00146868	0.00000314845	0	O	IAEA LiveChart bin_beta Betashape
F-18	beta+	226	0.226	0.00260193	2.60193	0.00000218661	0.00148674	0.00000317828	0	O	IAEA LiveChart bin_beta Betashape
F-18	beta+	228	0.228	0.0025987	2.5987	0.00000214615	0.00150476	0.00000320773	0	O	IAEA LiveChart bin_beta Betashape
F-18	beta+	230	0.23	0.00259521	2.59521	0.00000210529	0.00152272	0.00000323679	0	O	IAEA LiveChart bin_beta Betashape
F-18	beta+	232	0.232	0.00259145	2.59145	0.00000206393	0.00154064	0.00000326544	0	O	IAEA LiveChart bin_beta Betashape
F-18	beta+	234	0.234	0.00258742	2.58742	0.00000202209	0.00155851	0.00000329367	0	O	IAEA LiveChart bin_beta Betashape
F-18	beta+	236	0.236	0.00258312	2.58312	0.00000197979	0.00157632	0.00000332148	0	O	IAEA LiveChart bin_beta Betashape
F-18	beta+	238	0.238	0.00257856	2.57856	0.00000193702	0.00159408	0.00000334886	0	O	IAEA LiveChart bin_beta Betashape
F-18	beta+	240	0.24	0.00257374	2.57374	0.0000018938	0.00161177	0.00000337579	0	O	IAEA LiveChart bin_beta Betashape
F-18	beta+	242	0.242	0.00256866	2.56866	0.00000185013	0.00162939	0.00000340227	0	O	IAEA LiveChart bin_beta Betashape
F-18	beta+	244	0.244	0.00256333	2.56333	0.00000180604	0.00164695	0.00000342829	0	O	IAEA LiveChart bin_beta Betashape
F-18	beta+	246	0.246	0.00255774	2.55774	0.00000176152	0.00166444	0.00000345384	0	O	IAEA LiveChart bin_beta Betashape
F-18	beta+	248	0.248	0.00255191	2.55191	0.00000171659	0.00168186	0.00000347891	0	O	IAEA LiveChart bin_beta Betashape
F-18	beta+	250	0.25	0.00254582	2.54582	0.00000167126	0.0016992	0.00000350349	0	O	IAEA LiveChart bin_beta Betashape
F-18	beta+	252	0.252	0.00253949	2.53949	0.00000162554	0.00171646	0.00000352757	0	O	IAEA LiveChart bin_beta Betashape
F-18	beta+	254	0.254	0.00253291	2.53291	0.00000157943	0.00173364	0.00000355114	0	O	IAEA LiveChart bin_beta Betashape
F-18	beta+	256	0.256	0.00252609	2.52609	0.00000153296	0.00175073	0.0000035742	0	O	IAEA LiveChart bin_beta Betashape
F-18	beta+	258	0.258	0.00251903	2.51903	0.00000148611	0.00176774	0.00000359673	0	O	IAEA LiveChart bin_beta Betashape
F-18	beta+	260	0.26	0.00251173	2.51173	0.00000143892	0.00178465	0.00000361873	0	O	IAEA LiveChart bin_beta Betashape
F-18	beta+	262	0.262	0.0025042	2.5042	0.00000139139	0.00180147	0.00000364018	0	O	IAEA LiveChart bin_beta Betashape
F-18	beta+	264	0.264	0.00249644	2.49644	0.00000134352	0.0018182	0.00000366108	0	O	IAEA LiveChart bin_beta Betashape
F-18	beta+	266	0.266	0.00248844	2.48844	0.00000129533	0.00183483	0.00000368142	0	O	IAEA LiveChart bin_beta Betashape
F-18	beta+	268	0.268	0.00248022	2.48022	0.00000124683	0.00185136	0.00000370119	0	O	IAEA LiveChart bin_beta Betashape
F-18	beta+	270	0.27	0.00247177	2.47177	0.00000119803	0.00186778	0.00000372038	0	O	IAEA LiveChart bin_beta Betashape
F-18	beta+	272	0.272	0.00246309	2.46309	0.00000114893	0.00188409	0.00000373898	0	O	IAEA LiveChart bin_beta Betashape
F-18	beta+	274	0.274	0.0024542	2.4542	0.00000109956	0.0019003	0.00000375699	0	O	IAEA LiveChart bin_beta Betashape
F-18	beta+	276	0.276	0.00244509	2.44509	0.00000104991	0.00191639	0.00000377439	0	O	IAEA LiveChart bin_beta Betashape
F-18	beta+	278	0.278	0.00243576	2.43576	0.000001	0.00193237	0.00000379117	0	O	IAEA LiveChart bin_beta Betashape
F-18	beta+	280	0.28	0.00242621	2.42621	0.000000949847	0.00194823	0.00000380734	0	O	IAEA LiveChart bin_beta Betashape
F-18	beta+	282	0.282	0.00241646	2.41646	0.000000899451	0.00196397	0.00000382287	0	O	IAEA LiveChart bin_beta Betashape
F-18	beta+	284	0.284	0.00240649	2.40649	0.000000848825	0.00197958	0.00000383776	0	O	IAEA LiveChart bin_beta Betashape
F-18	beta+	286	0.286	0.00239632	2.39632	0.000000797981	0.00199507	0.00000385201	0	O	IAEA LiveChart bin_beta Betashape
F-18	beta+	288	0.288	0.00238594	2.38594	0.000000746928	0.00201043	0.00000386559	0	O	IAEA LiveChart bin_beta Betashape
F-18	beta+	290	0.29	0.00237536	2.37536	0.000000695678	0.00202566	0.00000387851	0	O	IAEA LiveChart bin_beta Betashape
F-18	beta+	292	0.292	0.00236458	2.36458	0.000000644241	0.00204076	0.00000389076	0	O	IAEA LiveChart bin_beta Betashape
F-18	beta+	294	0.294	0.0023536	2.3536	0.000000592627	0.00205572	0.00000390232	0	O	IAEA LiveChart bin_beta Betashape
F-18	beta+	296	0.296	0.00234242	2.34242	0.000000540848	0.00207054	0.00000391319	0	O	IAEA LiveChart bin_beta Betashape
F-18	beta+	298	0.298	0.00233106	2.33106	0.000000488915	0.00208522	0.00000392336	0	O	IAEA LiveChart bin_beta Betashape
F-18	beta+	300	0.3	0.0023195	2.3195	0.000000436837	0.00209976	0.00000393282	0	O	IAEA LiveChart bin_beta Betashape
F-18	beta+	302	0.302	0.00230775	2.30775	0.000000384625	0.00211414	0.00000394156	0	O	IAEA LiveChart bin_beta Betashape
F-18	beta+	304	0.304	0.00229582	2.29582	0.000000332292	0.00212838	0.00000394958	0	O	IAEA LiveChart bin_beta Betashape
F-18	beta+	306	0.306	0.00228371	2.28371	0.000000279847	0.00214247	0.00000395687	0	O	IAEA LiveChart bin_beta Betashape
F-18	beta+	308	0.308	0.00227141	2.27141	0.000000227302	0.0021564	0.00000396341	0	O	IAEA LiveChart bin_beta Betashape
F-18	beta+	310	0.31	0.00225893	2.25893	0.000000174667	0.00217018	0.0000039692	0	O	IAEA LiveChart bin_beta Betashape
F-18	beta+	312	0.312	0.00224628	2.24628	0.000000121953	0.0021838	0.00000397423	0	O	IAEA LiveChart bin_beta Betashape
F-18	beta+	314	0.314	0.00223346	2.23346	0.0000000691729	0.00219725	0.00000397849	0	O	IAEA LiveChart bin_beta Betashape
F-18	beta+	316	0.316	0.00222046	2.22046	0.0000000163363	0.00221054	0.00000398197	0	O	IAEA LiveChart bin_beta Betashape
F-18	beta+	318	0.318	0.00220729	2.20729	0.0000000444223	0.00222366	0.00000398468	0	O	IAEA LiveChart bin_beta Betashape
F-18	beta+	320	0.32	0.00219396	2.19396	0.0000000974898	0.00223662	0.00000398658	0	O	IAEA LiveChart bin_beta Betashape
F-18	beta+	322	0.322	0.00218047	2.18047	0.000000150578	0.0022494	0.00000398769	0	O	IAEA LiveChart bin_beta Betashape
F-18	beta+	324	0.324	0.00216681	2.16681	0.000000203675	0.00226201	0.00000398798	0	O	IAEA LiveChart bin_beta Betashape
F-18	beta+	326	0.326	0.002153	2.153	0.00000025677	0.00227444	0.00000398746	0	O	IAEA LiveChart bin_beta Betashape
F-18	beta+	328	0.328	0.00213902	2.13902	0.000000309851	0.00228669	0.0000039861	0	O	IAEA LiveChart bin_beta Betashape
F-18	beta+	330	0.33	0.0021249	2.1249	0.000000362907	0.00229876	0.00000398392	0	O	IAEA LiveChart bin_beta Betashape
F-18	beta+	332	0.332	0.00211062	2.11062	0.000000415926	0.00231064	0.00000398088	0	O	IAEA LiveChart bin_beta Betashape
F-18	beta+	334	0.334	0.0020962	2.0962	0.000000468896	0.00232234	0.000003977	0	O	IAEA LiveChart bin_beta Betashape
F-18	beta+	336	0.336	0.00208162	2.08162	0.000000521806	0.00233385	0.00000397225	0	O	IAEA LiveChart bin_beta Betashape
F-18	beta+	338	0.338	0.00206691	2.06691	0.000000574644	0.00234517	0.00000396663	0	O	IAEA LiveChart bin_beta Betashape
F-18	beta+	340	0.34	0.00205205	2.05205	0.000000627398	0.0023563	0.00000396013	0	O	IAEA LiveChart bin_beta Betashape
F-18	beta+	342	0.342	0.00203706	2.03706	0.000000680056	0.00236722	0.00000395275	0	O	IAEA LiveChart bin_beta Betashape
F-18	beta+	344	0.344	0.00202193	2.02193	0.000000732607	0.00237796	0.00000394447	0	O	IAEA LiveChart bin_beta Betashape
F-18	beta+	346	0.346	0.00200666	2.00666	0.000000785038	0.00238849	0.00000393528	0	O	IAEA LiveChart bin_beta Betashape
F-18	beta+	348	0.348	0.00199127	1.99127	0.000000837337	0.00239881	0.00000392518	0	O	IAEA LiveChart bin_beta Betashape
F-18	beta+	350	0.35	0.00197575	1.97575	0.000000889493	0.00240893	0.00000391416	0	O	IAEA LiveChart bin_beta Betashape
F-18	beta+	352	0.352	0.0019601	1.9601	0.000000941493	0.00241885	0.00000390221	0	O	IAEA LiveChart bin_beta Betashape
F-18	beta+	354	0.354	0.00194433	1.94433	0.000000993325	0.00242855	0.00000388932	0	O	IAEA LiveChart bin_beta Betashape
F-18	beta+	356	0.356	0.00192844	1.92844	0.00000104498	0.00243804	0.00000387547	0	O	IAEA LiveChart bin_beta Betashape
F-18	beta+	358	0.358	0.00191243	1.91243	0.00000109644	0.00244732	0.00000386067	0	O	IAEA LiveChart bin_beta Betashape
F-18	beta+	360	0.36	0.00189631	1.89631	0.00000114769	0.00245637	0.00000384491	0	O	IAEA LiveChart bin_beta Betashape
F-18	beta+	362	0.362	0.00188008	1.88008	0.00000119873	0.00246521	0.00000382816	0	O	IAEA LiveChart bin_beta Betashape
F-18	beta+	364	0.364	0.00186373	1.86373	0.00000124954	0.00247383	0.00000381044	0	O	IAEA LiveChart bin_beta Betashape
F-18	beta+	366	0.366	0.00184729	1.84729	0.0000013001	0.00248222	0.00000379171	0	O	IAEA LiveChart bin_beta Betashape
F-18	beta+	368	0.368	0.00183073	1.83073	0.00000135041	0.00249039	0.00000377198	0	O	IAEA LiveChart bin_beta Betashape
F-18	beta+	370	0.37	0.00181408	1.81408	0.00000140046	0.00249833	0.00000375124	0	O	IAEA LiveChart bin_beta Betashape
F-18	beta+	372	0.372	0.00179733	1.79733	0.00000145022	0.00250603	0.00000372948	0	O	IAEA LiveChart bin_beta Betashape
F-18	beta+	374	0.374	0.00178048	1.78048	0.00000149969	0.00251351	0.00000370669	0	O	IAEA LiveChart bin_beta Betashape
F-18	beta+	376	0.376	0.00176354	1.76354	0.00000154886	0.00252075	0.00000368285	0	O	IAEA LiveChart bin_beta Betashape
F-18	beta+	378	0.378	0.00174651	1.74651	0.0000015977	0.00252774	0.00000365796	0	O	IAEA LiveChart bin_beta Betashape
F-18	beta+	380	0.38	0.0017294	1.7294	0.00000164622	0.0025345	0.00000363201	0	O	IAEA LiveChart bin_beta Betashape
F-18	beta+	382	0.382	0.0017122	1.7122	0.00000169439	0.00254102	0.00000360499	0	O	IAEA LiveChart bin_beta Betashape
F-18	beta+	384	0.384	0.00169492	1.69492	0.00000174221	0.00254729	0.00000357688	0	O	IAEA LiveChart bin_beta Betashape
F-18	beta+	386	0.386	0.00167756	1.67756	0.00000178965	0.00255332	0.00000354769	0	O	IAEA LiveChart bin_beta Betashape
F-18	beta+	388	0.388	0.00166012	1.66012	0.00000183671	0.00255909	0.00000351739	0	O	IAEA LiveChart bin_beta Betashape
F-18	beta+	390	0.39	0.00164262	1.64262	0.00000188338	0.00256462	0.00000348598	0	O	IAEA LiveChart bin_beta Betashape
F-18	beta+	392	0.392	0.00162504	1.62504	0.00000192963	0.00256989	0.00000345345	0	O	IAEA LiveChart bin_beta Betashape
F-18	beta+	394	0.394	0.0016074	1.6074	0.00000197547	0.0025749	0.00000341979	0	O	IAEA LiveChart bin_beta Betashape
F-18	beta+	396	0.396	0.00158969	1.58969	0.00000202086	0.00257965	0.00000338498	0	O	IAEA LiveChart bin_beta Betashape
F-18	beta+	398	0.398	0.00157192	1.57192	0.00000206581	0.00258415	0.00000334901	0	O	IAEA LiveChart bin_beta Betashape
F-18	beta+	400	0.4	0.00155409	1.55409	0.0000021103	0.00258838	0.00000331188	0	O	IAEA LiveChart bin_beta Betashape
F-18	beta+	402	0.402	0.00153621	1.53621	0.0000021543	0.00259234	0.00000327356	0	O	IAEA LiveChart bin_beta Betashape
F-18	beta+	404	0.404	0.00151828	1.51828	0.00000219782	0.00259604	0.00000323406	0	O	IAEA LiveChart bin_beta Betashape
F-18	beta+	406	0.406	0.0015003	1.5003	0.00000224084	0.00259946	0.00000319336	0	O	IAEA LiveChart bin_beta Betashape
F-18	beta+	408	0.408	0.00148227	1.48227	0.00000228333	0.00260262	0.00000315144	0	O	IAEA LiveChart bin_beta Betashape
F-18	beta+	410	0.41	0.0014642	1.4642	0.0000023253	0.0026055	0.0000031083	0	O	IAEA LiveChart bin_beta Betashape
F-18	beta+	412	0.412	0.00144609	1.44609	0.00000236672	0.0026081	0.00000306392	0	O	IAEA LiveChart bin_beta Betashape
F-18	beta+	414	0.414	0.00142794	1.42794	0.00000240758	0.00261042	0.00000301829	0	O	IAEA LiveChart bin_beta Betashape
F-18	beta+	416	0.416	0.00140976	1.40976	0.00000244787	0.00261246	0.00000297139	0	O	IAEA LiveChart bin_beta Betashape
F-18	beta+	418	0.418	0.00139155	1.39155	0.00000248758	0.00261421	0.00000292321	0	O	IAEA LiveChart bin_beta Betashape
F-18	beta+	420	0.42	0.00137331	1.37331	0.00000252668	0.00261568	0.00000287375	0	O	IAEA LiveChart bin_beta Betashape
F-18	beta+	422	0.422	0.00135505	1.35505	0.00000256517	0.00261686	0.00000282298	0	O	IAEA LiveChart bin_beta Betashape
F-18	beta+	424	0.424	0.00133676	1.33676	0.00000260303	0.00261775	0.00000277089	0	O	IAEA LiveChart bin_beta Betashape
F-18	beta+	426	0.426	0.00131846	1.31846	0.00000264024	0.00261834	0.00000271746	0	O	IAEA LiveChart bin_beta Betashape
F-18	beta+	428	0.428	0.00130014	1.30014	0.0000026768	0.00261864	0.00000266269	0	O	IAEA LiveChart bin_beta Betashape
F-18	beta+	430	0.43	0.00128181	1.28181	0.00000271269	0.00261864	0.00000260656	0	O	IAEA LiveChart bin_beta Betashape
F-18	beta+	432	0.432	0.00126347	1.26347	0.00000274789	0.00261833	0.00000254904	0	O	IAEA LiveChart bin_beta Betashape
F-18	beta+	434	0.434	0.00124513	1.24513	0.00000278239	0.00261773	0.00000249013	0	O	IAEA LiveChart bin_beta Betashape
F-18	beta+	436	0.436	0.00122678	1.22678	0.00000281618	0.00261681	0.00000242981	0	O	IAEA LiveChart bin_beta Betashape
F-18	beta+	438	0.438	0.00120844	1.20844	0.00000284924	0.00261559	0.00000236806	0	O	IAEA LiveChart bin_beta Betashape
F-18	beta+	440	0.44	0.0011901	1.1901	0.00000288155	0.00261406	0.00000230487	0	O	IAEA LiveChart bin_beta Betashape
F-18	beta+	442	0.442	0.00117177	1.17177	0.0000029131	0.00261221	0.00000224021	0	O	IAEA LiveChart bin_beta Betashape
F-18	beta+	444	0.444	0.00115344	1.15344	0.00000294388	0.00261004	0.00000217407	0	O	IAEA LiveChart bin_beta Betashape
F-18	beta+	446	0.446	0.00113514	1.13514	0.00000297388	0.00260756	0.00000210642	0	O	IAEA LiveChart bin_beta Betashape
F-18	beta+	448	0.448	0.00111685	1.11685	0.00000300307	0.00260475	0.00000203726	0	O	IAEA LiveChart bin_beta Betashape
F-18	beta+	450	0.45	0.00109858	1.09858	0.00000303144	0.00260162	0.00000196656	0	O	IAEA LiveChart bin_beta Betashape
F-18	beta+	452	0.452	0.00108033	1.08033	0.00000305898	0.00259816	0.0000018943	0	O	IAEA LiveChart bin_beta Betashape
F-18	beta+	454	0.454	0.00106211	1.06211	0.00000308567	0.00259437	0.00000182046	0	O	IAEA LiveChart bin_beta Betashape
F-18	beta+	456	0.456	0.00104392	1.04392	0.0000031115	0.00259024	0.00000174501	0	O	IAEA LiveChart bin_beta Betashape
F-18	beta+	458	0.458	0.00102577	1.02577	0.00000313645	0.00258578	0.00000166793	0	O	IAEA LiveChart bin_beta Betashape
F-18	beta+	460	0.46	0.00100765	1.00765	0.00000316051	0.00258099	0.00000158921	0	O	IAEA LiveChart bin_beta Betashape
F-18	beta+	462	0.462	0.000989578	0.989578	0.00000318365	0.00257585	0.00000150881	0	O	IAEA LiveChart bin_beta Betashape
F-18	beta+	464	0.464	0.000971547	0.971547	0.00000320588	0.00257036	0.00000142671	0	O	IAEA LiveChart bin_beta Betashape
F-18	beta+	466	0.466	0.000953564	0.953564	0.00000322716	0.00256453	0.00000134288	0	O	IAEA LiveChart bin_beta Betashape
F-18	beta+	468	0.468	0.000935632	0.935632	0.00000324749	0.00255834	0.0000012573	0	O	IAEA LiveChart bin_beta Betashape
F-18	beta+	470	0.47	0.000917755	0.917755	0.00000326686	0.0025518	0.00000116994	0	O	IAEA LiveChart bin_beta Betashape
F-18	beta+	472	0.472	0.000899936	0.899936	0.00000328523	0.00254491	0.00000108078	0	O	IAEA LiveChart bin_beta Betashape
F-18	beta+	474	0.474	0.000882179	0.882179	0.0000033026	0.00253765	0.000000989766	0	O	IAEA LiveChart bin_beta Betashape
F-18	beta+	476	0.476	0.000864487	0.864487	0.00000331896	0.00253003	0.000000896884	0	O	IAEA LiveChart bin_beta Betashape
F-18	beta+	478	0.478	0.000846863	0.846863	0.00000333428	0.00252204	0.000000802099	0	O	IAEA LiveChart bin_beta Betashape
F-18	beta+	480	0.48	0.000829312	0.829312	0.00000334856	0.00251368	0.000000705375	0	O	IAEA LiveChart bin_beta Betashape
F-18	beta+	482	0.482	0.000811837	0.811837	0.00000336177	0.00250494	0.000000606678	0	O	IAEA LiveChart bin_beta Betashape
F-18	beta+	484	0.484	0.000794442	0.794442	0.0000033739	0.00249583	0.000000505969	0	O	IAEA LiveChart bin_beta Betashape
F-18	beta+	486	0.486	0.000777129	0.777129	0.00000338493	0.00248634	0.000000403212	0	O	IAEA LiveChart bin_beta Betashape
F-18	beta+	488	0.488	0.000759903	0.759903	0.00000339485	0.00247646	0.000000298366	0	O	IAEA LiveChart bin_beta Betashape
F-18	beta+	490	0.49	0.000742767	0.742767	0.00000340365	0.00246619	0.000000191388	0	O	IAEA LiveChart bin_beta Betashape
F-18	beta+	492	0.492	0.000725725	0.725725	0.00000341129	0.00245552	0.000000082235	0	O	IAEA LiveChart bin_beta Betashape
F-18	beta+	494	0.494	0.000708781	0.708781	0.00000341778	0.00244446	0.000000114914	0	O	IAEA LiveChart bin_beta Betashape
F-18	beta+	496	0.496	0.000691937	0.691937	0.00000342309	0.002433	0.00000022716	0	O	IAEA LiveChart bin_beta Betashape
F-18	beta+	498	0.498	0.000675199	0.675199	0.00000342721	0.00242113	0.000000341684	0	O	IAEA LiveChart bin_beta Betashape
F-18	beta+	500	0.5	0.000658569	0.658569	0.00000343011	0.00240885	0.000000458538	0	O	IAEA LiveChart bin_beta Betashape
F-18	beta+	502	0.502	0.000642052	0.642052	0.00000343179	0.00239615	0.000000577777	0	O	IAEA LiveChart bin_beta Betashape
F-18	beta+	504	0.504	0.00062565	0.62565	0.00000343223	0.00238303	0.000000699457	0	O	IAEA LiveChart bin_beta Betashape
F-18	beta+	506	0.506	0.000609369	0.609369	0.00000343141	0.00236949	0.000000823637	0	O	IAEA LiveChart bin_beta Betashape
F-18	beta+	508	0.508	0.000593211	0.593211	0.00000342931	0.00235552	0.00000095038	0	O	IAEA LiveChart bin_beta Betashape
F-18	beta+	510	0.51	0.00057718	0.57718	0.00000342592	0.00234111	0.00000107975	0	O	IAEA LiveChart bin_beta Betashape
F-18	beta+	512	0.512	0.00056128	0.56128	0.00000342121	0.00232626	0.00000121182	0	O	IAEA LiveChart bin_beta Betashape
F-18	beta+	514	0.514	0.000545515	0.545515	0.00000341519	0.00231097	0.00000134667	0	O	IAEA LiveChart bin_beta Betashape
F-18	beta+	516	0.516	0.000529889	0.529889	0.00000340781	0.00229522	0.00000148436	0	O	IAEA LiveChart bin_beta Betashape
F-18	beta+	518	0.518	0.000514406	0.514406	0.00000339908	0.00227901	0.00000162498	0	O	IAEA LiveChart bin_beta Betashape
F-18	beta+	520	0.52	0.000499069	0.499069	0.00000338897	0.00226234	0.00000176862	0	O	IAEA LiveChart bin_beta Betashape
F-18	beta+	522	0.522	0.000483882	0.483882	0.00000337747	0.0022452	0.00000191537	0	O	IAEA LiveChart bin_beta Betashape
F-18	beta+	524	0.524	0.00046885	0.46885	0.00000336455	0.00222758	0.00000206532	0	O	IAEA LiveChart bin_beta Betashape
F-18	beta+	526	0.526	0.000453975	0.453975	0.00000335021	0.00220948	0.00000221858	0	O	IAEA LiveChart bin_beta Betashape
F-18	beta+	528	0.528	0.000439263	0.439263	0.00000333442	0.00219088	0.00000237525	0	O	IAEA LiveChart bin_beta Betashape
F-18	beta+	530	0.53	0.000424716	0.424716	0.00000331716	0.00217179	0.00000253545	0	O	IAEA LiveChart bin_beta Betashape
F-18	beta+	532	0.532	0.00041034	0.41034	0.00000329843	0.00215218	0.0000026993	0	O	IAEA LiveChart bin_beta Betashape
F-18	beta+	534	0.534	0.000396137	0.396137	0.00000327819	0.00213206	0.00000286694	0	O	IAEA LiveChart bin_beta Betashape
F-18	beta+	536	0.536	0.000382112	0.382112	0.00000325666	0.00211141	0.00000303849	0	O	IAEA LiveChart bin_beta Betashape
F-18	beta+	538	0.538	0.000368269	0.368269	0.00000323383	0.00209024	0.00000321412	0	O	IAEA LiveChart bin_beta Betashape
F-18	beta+	540	0.54	0.000354612	0.354612	0.00000320946	0.00206851	0.00000339397	0	O	IAEA LiveChart bin_beta Betashape
F-18	beta+	542	0.542	0.000341145	0.341145	0.00000318353	0.00204624	0.00000357822	0	O	IAEA LiveChart bin_beta Betashape
F-18	beta+	544	0.544	0.000327872	0.327872	0.00000315602	0.00202339	0.00000376705	0	O	IAEA LiveChart bin_beta Betashape
F-18	beta+	546	0.546	0.000314796	0.314796	0.00000312692	0.00199998	0.00000396065	0	O	IAEA LiveChart bin_beta Betashape
F-18	beta+	548	0.548	0.000301923	0.301923	0.00000309621	0.00197597	0.00000415923	0	O	IAEA LiveChart bin_beta Betashape
F-18	beta+	550	0.55	0.000289256	0.289256	0.00000306387	0.00195137	0.00000436302	0	O	IAEA LiveChart bin_beta Betashape
F-18	beta+	552	0.552	0.000276799	0.276799	0.00000302988	0.00192616	0.00000457225	0	O	IAEA LiveChart bin_beta Betashape
F-18	beta+	554	0.554	0.000264557	0.264557	0.00000299423	0.00190031	0.00000478719	0	O	IAEA LiveChart bin_beta Betashape
F-18	beta+	556	0.556	0.000252533	0.252533	0.00000295689	0.00187383	0.00000500813	0	O	IAEA LiveChart bin_beta Betashape
F-18	beta+	558	0.558	0.000240731	0.240731	0.00000291785	0.00184669	0.00000523535	0	O	IAEA LiveChart bin_beta Betashape
F-18	beta+	560	0.56	0.000229157	0.229157	0.00000287709	0.00181888	0.0000054692	0	O	IAEA LiveChart bin_beta Betashape
F-18	beta+	562	0.562	0.000217814	0.217814	0.00000283459	0.00179038	0.00000571004	0	O	IAEA LiveChart bin_beta Betashape
F-18	beta+	564	0.564	0.000206706	0.206706	0.00000279034	0.00176117	0.00000595833	0	O	IAEA LiveChart bin_beta Betashape
F-18	beta+	566	0.566	0.000195837	0.195837	0.00000274431	0.00173123	0.00000621873	0	O	IAEA LiveChart bin_beta Betashape
F-18	beta+	568	0.568	0.000185213	0.185213	0.00000269648	0.00170054	0.0000064876	0	O	IAEA LiveChart bin_beta Betashape
F-18	beta+	570	0.57	0.000174836	0.174836	0.00000264685	0.00166908	0.00000676548	0	O	IAEA LiveChart bin_beta Betashape
F-18	beta+	572	0.572	0.000164711	0.164711	0.00000259538	0.00163683	0.00000705294	0	O	IAEA LiveChart bin_beta Betashape
F-18	beta+	574	0.574	0.000154843	0.154843	0.00000254207	0.00160374	0.00000735064	0	O	IAEA LiveChart bin_beta Betashape
F-18	beta+	576	0.576	0.000145236	0.145236	0.00000248689	0.00156981	0.00000765927	0	O	IAEA LiveChart bin_beta Betashape
F-18	beta+	578	0.578	0.000135894	0.135894	0.00000242982	0.001535	0.00000797963	0	O	IAEA LiveChart bin_beta Betashape
F-18	beta+	580	0.58	0.000126822	0.126822	0.00000237085	0.00149927	0.00000831258	0	O	IAEA LiveChart bin_beta Betashape
F-18	beta+	582	0.582	0.000118023	0.118023	0.00000230995	0.00146259	0.00000865911	0	O	IAEA LiveChart bin_beta Betashape
F-18	beta+	584	0.584	0.000109503	0.109503	0.00000224711	0.00142492	0.0000090203	0	O	IAEA LiveChart bin_beta Betashape
F-18	beta+	586	0.586	0.000101265	0.101265	0.00000218231	0.00138622	0.00000939738	0	O	IAEA LiveChart bin_beta Betashape
F-18	beta+	588	0.588	9.33138e-05	0.0933138	0.00000211553	0.00134645	0.00000979174	0	O	IAEA LiveChart bin_beta Betashape
F-18	beta+	590	0.59	8.56544e-05	0.0856544	0.00000204674	0.00130554	0.0000102049	0	O	IAEA LiveChart bin_beta Betashape
F-18	beta+	592	0.592	7.82907e-05	0.0782907	0.00000197594	0.00126345	0.0000106387	0	O	IAEA LiveChart bin_beta Betashape
F-18	beta+	594	0.594	7.12273e-05	0.0712273	0.0000019031	0.00122011	0.0000110952	0	O	IAEA LiveChart bin_beta Betashape
F-18	beta+	596	0.596	6.44687e-05	0.0644687	0.00000182821	0.00117546	0.0000115766	0	O	IAEA LiveChart bin_beta Betashape
F-18	beta+	598	0.598	5.80193e-05	0.0580193	0.00000175123	0.00112942	0.0000120857	0	O	IAEA LiveChart bin_beta Betashape
F-18	beta+	600	0.6	5.18837e-05	0.0518837	0.00000167216	0.00108191	0.0000126255	0	O	IAEA LiveChart bin_beta Betashape
F-18	beta+	602	0.602	4.60662e-05	0.0460662	0.00000159097	0.00103282	0.0000131997	0	O	IAEA LiveChart bin_beta Betashape
F-18	beta+	604	0.604	4.05716e-05	0.0405716	0.00000150765	0.000982058	0.0000138125	0	O	IAEA LiveChart bin_beta Betashape
F-18	beta+	606	0.606	3.54042e-05	0.0354042	0.00000142217	0.000929497	0.0000144689	0	O	IAEA LiveChart bin_beta Betashape
F-18	beta+	608	0.608	3.05687e-05	0.0305687	0.00000133452	0.000875	0.0000151746	0	O	IAEA LiveChart bin_beta Betashape
F-18	beta+	610	0.61	2.60697e-05	0.0260697	0.00000124468	0.000818409	0.0000159366	0	O	IAEA LiveChart bin_beta Betashape
F-18	beta+	612	0.612	2.19117e-05	0.0219117	0.00000115262	0.000759544	0.0000167629	0	O	IAEA LiveChart bin_beta Betashape
F-18	beta+	614	0.614	1.80993e-05	0.0180993	0.00000105832	0.000698198	0.0000176629	0	O	IAEA LiveChart bin_beta Betashape
F-18	beta+	616	0.616	1.46372e-05	0.0146372	0.000000961774	0.000634131	0.0000186473	0	O	IAEA LiveChart bin_beta Betashape
F-18	beta+	618	0.618	1.15301e-05	0.0115301	0.000000862952	0.00056707	0.0000197275	0	O	IAEA LiveChart bin_beta Betashape
F-18	beta+	620	0.62	8.78248e-06	0.00878248	0.000000761836	0.000496706	0.0000209131	0	O	IAEA LiveChart bin_beta Betashape
F-18	beta+	622	0.622	6.39916e-06	0.00639916	0.000000658406	0.000422707	0.0000222063	0	O	IAEA LiveChart bin_beta Betashape
F-18	beta+	624	0.624	4.38478e-06	0.00438478	0.000000552642	0.000344758	0.0000235828	0	O	IAEA LiveChart bin_beta Betashape
F-18	beta+	626	0.626	2.74405e-06	0.00274405	0.000000444523	0.000262703	0.0000249325	0	O	IAEA LiveChart bin_beta Betashape
F-18	beta+	628	0.628	1.4817e-06	0.0014817	0.00000033403	0.000177005	0.0000258441	0	O	IAEA LiveChart bin_beta Betashape
F-18	beta+	630	0.63	6.02463e-07	0.000602463	0.000000221142	9.04982e-05	0.0000254163	0	O	IAEA LiveChart bin_beta Betashape
F-18	beta+	632	0.632	1.11105e-07	0.000111105	0.000000105838	1.6799e-05	0.0000186531	0	O	IAEA LiveChart bin_beta Betashape
F-18	beta+	633.5	0.6335	0	0	0	0	0.0000000000178204	0	O	IAEA LiveChart bin_beta Betashape
